,titleId,title,types,region
875072,tt0099088,Назад в будущее 3,imdbDisplay,RU
19667927,tt1620933,Паан Сингх Томар,imdbDisplay,RU
19677670,tt1621830,Монпура,imdbDisplay,RU
19822400,tt16277242,Общество снега,imdbDisplay,RU
19879533,tt1630029,Аватар: Путь воды,imdbDisplay,RU
19933829,tt1631867,Грань будущего,imdbDisplay,RU
20160074,tt1639426,Полет,imdbDisplay,RU
20295982,tt1645089,Инсайдеры,imdbDisplay,RU
20318220,tt1646971,Как приручить дракона 2,imdbDisplay,RU
20344115,tt16492678,Истребитель демонов: Битва в доме Цудзуми,imdbDisplay,RU
20347243,tt1649419,Невозможное,imdbDisplay,RU
20411333,tt1655442,Артист,imdbDisplay,RU
20445655,tt1659337,Хорошо быть тихоней,imdbDisplay,RU
19557179,tt1614989,Охотники за головами,imdbDisplay,RU
20491972,tt1663202,Выживший,imdbDisplay,RU
20661905,tt1677720,Первому игроку приготовиться,imdbDisplay,RU
20696189,tt1683526,Учитель на замену,imdbDisplay,RU
20888501,tt17009710,Анатомия падения,imdbDisplay,RU
20905687,tt1702014,Сегодня я пойду домой один,imdbDisplay,RU
20997334,tt1707386,Отверженные,imdbDisplay,RU
21131797,tt1727824,Богемская рапсодия,imdbDisplay,RU
21134408,tt17279496,Падение империи,imdbDisplay,RU
21260724,tt1745960,Топ Ган: Мэверик,imdbDisplay,RU
21269313,tt1748122,Королевство полной луны,imdbDisplay,RU
21389534,tt1754656,Маленький принц,imdbDisplay,RU
21499646,tt1772341,Ральф,imdbDisplay,RU
21501730,tt1772925,Сны Дзиро о суши,imdbDisplay,RU
20620126,tt1675434,1+1,imdbDisplay,RU
19438470,tt1605783,Полночь в Париже,imdbDisplay,RU
19405827,tt1602620,Любовь,imdbDisplay,RU
19331304,tt1596363,Игра на понижение,imdbDisplay,RU
15936892,tt1454468,Гравитация,imdbDisplay,RU
16021918,tt1457767,Заклятие,imdbDisplay,RU
16215794,tt1465522,Убойные каникулы,imdbDisplay,RU
16707189,tt14849194,Оставленные,imdbDisplay,RU
16727508,tt1485796,Величайший шоумен,imdbDisplay,RU
16807501,tt1488589,Пиноккио Гильермо дель Торо,imdbDisplay,RU
16848965,tt1490017,ЛЕГО Фильм,imdbDisplay,RU
17104163,tt1499666,Робинзон на Луне,imdbDisplay,RU
17219931,tt1504320,Король говорит!,imdbDisplay,RU
17357394,tt15097216,Да прольётся свет,imdbDisplay,RU
17498441,tt1515091,Шерлок Холмс: Игра теней,imdbDisplay,RU
17556418,tt1517451,Звезда родилась,imdbDisplay,RU
17726553,tt15239678,Дюна: Часть вторая,imdbDisplay,RU
17830055,tt1527788,Чeловек из ниоткуда,imdbDisplay,RU
18021930,tt1535109,Капитан Филлипс,imdbDisplay,RU
18142055,tt15398776,Оппенгеймер,imdbDisplay,RU
18203749,tt1542344,127 часов,imdbDisplay,RU
18230765,tt15433956,Хану Ман,imdbDisplay,RU
18404073,tt15501640,Видимость 2,imdbDisplay,RU
18526721,tt1555149,Элитный отряд: Враг внутри,imdbDisplay,RU
18664901,tt1562872,Жизнь не может быть скучной,imdbDisplay,RU
18766728,tt1568346,Девушка с татуировкой дракона,imdbDisplay,RU
18781344,tt1568921,Ариэтти из страны лилипутов,imdbDisplay,RU
18822229,tt1570728,Эта дурацкая любовь,imdbDisplay,RU
19217396,tt1587707,Выход через сувенирную лавку,imdbDisplay,RU
19228409,tt1588170,Я видел Дьявола,imdbDisplay,RU
19260775,tt1590089,Признания,imdbDisplay,RU
21545275,tt1781069,Дух времени: Следующий шаг,imdbDisplay,RU
21600686,tt1790885,Цель номер один,imdbDisplay,RU
21633751,tt1798709,Она,imdbDisplay,RU
21785904,tt1821480,История,imdbDisplay,RU
24466057,tt2096673,Головоломка,imdbDisplay,RU
24510981,tt2103281,Планета обезьян: Революция,imdbDisplay,RU
24584171,tt21064584,Стальная хватка,imdbDisplay,RU
24584536,tt2106476,Охота,imdbDisplay,RU
24803962,tt21192142,Мы всем чужие,imdbDisplay,RU
24807702,tt2119532,По соображениям совести,imdbDisplay,RU
24943862,tt2125608,В поисках Сахарного Человека,imdbDisplay,RU
25226588,tt2140203,Волчьи дети Амэ и Юки,imdbDisplay,RU
25229802,tt2140373,Спасти мистера Бэнкса,imdbDisplay,RU
25569651,tt2181831,Шахид,imdbDisplay,RU
25570543,tt2181931,Инглиш-винглиш,imdbDisplay,RU
25670822,tt2187153,Тайное оружие,imdbDisplay,RU
25855271,tt2194499,Бойфренд из будущего,imdbDisplay,RU
25946667,tt2199711,Многоликий Янус,imdbDisplay,RU
26117332,tt2209418,Перед полуночью,imdbDisplay,RU
26135457,tt2213054,Три ошибки моей жизни,imdbDisplay,RU
26194289,tt2218988,Отель 'Устад',imdbDisplay,RU
26400436,tt2245084,Город героев,imdbDisplay,RU
26488980,tt2250912,Человек-паук: Возвращение домой,imdbDisplay,RU
26583213,tt2265171,Рейд 2,imdbDisplay,RU
26593632,tt2267998,Исчезнувшая,imdbDisplay,RU
26687015,tt2278388,Отель «Гранд Будапешт»,imdbDisplay,RU
26691648,tt2278871,Жизнь Адель,imdbDisplay,RU
26745760,tt2283748,Невероятная история,imdbDisplay,RU
26853198,tt2294629,Холодное сердце,imdbDisplay,RU
26984236,tt2310332,Хоббит: Битва пяти воинств,imdbDisplay,RU
27058218,tt2317337,Донор Вики,imdbDisplay,RU
24333175,tt2084970,Игра в имитацию,imdbDisplay,RU
15922954,tt1454029,Прислуга,imdbDisplay,RU
24312051,tt2082197,Барфи!,imdbDisplay,RU
24200410,tt2070649,Суровое испытание,imdbDisplay,RU
21786254,tt1821549,Небраска,imdbDisplay,RU
21892834,tt1827487,Однажды в Анатолии,imdbDisplay,RU
21986456,tt1832382,Развод Надера и Симин,imdbDisplay,RU
22096151,tt1839596,Рок-звезда,imdbDisplay,RU
22127751,tt1843866,Первый мститель: Другая война,imdbDisplay,RU
22196990,tt1853728,Джанго освобожденный,imdbDisplay,RU
22214409,tt1855199,Патруль,imdbDisplay,RU
22235464,tt1856101,Бегущий по лезвию 2049,imdbDisplay,RU
22313783,tt1865505,Песнь моря,imdbDisplay,RU
22415006,tt1877830,Бэтмен,imdbDisplay,RU
22415082,tt1877832,Люди Икс: Дни минувшего будущего,imdbDisplay,RU
22576609,tt1895587,В центре внимания,imdbDisplay,RU
22623211,tt1899353,Рейд,imdbDisplay,RU
22826130,tt1924396,Лучшее предложение,imdbDisplay,RU
22898496,tt1935156,'Дюна' Ходоровского,imdbDisplay,RU
22944781,tt1937149,Тело,imdbDisplay,RU
23100857,tt1950186,Ford против Ferrari,imdbDisplay,RU
23106287,tt1951264,Голодные игры: И вспыхнет пламя,imdbDisplay,RU
23129428,tt1954470,Банды Вассейпура,imdbDisplay,RU
23341974,tt19770238,Солнце моё,imdbDisplay,RU
23360282,tt1979320,Гонка,imdbDisplay,RU
23360514,tt1979376,История игрушек 4,imdbDisplay,RU
23662843,tt2013293,Ветер крепчает,imdbDisplay,RU
23672010,tt2015381,Стражи Галактики,imdbDisplay,RU
23817396,tt2024519,Разомкнутый круг,imdbDisplay,RU
23818094,tt2024544,12 лет рабства,imdbDisplay,RU
23844819,tt20256528,Кто такая женщина?,imdbDisplay,RU
24280817,tt2077886,Призрак оперы в Королевском Алберт-холле,imdbDisplay,RU
27080649,tt2321405,Жизнь кабачка,imdbDisplay,RU
15376948,tt14331144,Магическая битва 0. Фильм,imdbDisplay,RU
15154216,tt1424432,Сенна,imdbDisplay,RU
5678097,tt1063669,Эксперимент 2: Волна,imdbDisplay,RU
5719116,tt1065073,Отрочество,imdbDisplay,RU
5834242,tt1069238,Ушедшие,imdbDisplay,RU
5854125,tt10698680,K.G.F: Глава 2,imdbDisplay,RU
5885767,tt1070874,Суд над чикагской семеркой,imdbDisplay,RU
5997015,tt1074638,007: Координаты «Скайфолл»,imdbDisplay,RU
6165920,tt10811166,Кашмирские файлы,imdbDisplay,RU
6328595,tt10869778,Поле,imdbDisplay,RU
6337559,tt10872600,Человек-паук: Нет пути домой,imdbDisplay,RU
6449363,tt1091191,Уцелевший,imdbDisplay,RU
6493242,tt1093370,Когда мы встретились,imdbDisplay,RU
6746804,tt11032374,Истребитель демонов: Поезд «Бесконечный»,imdbDisplay,RU
5446105,tt10554232,Дара из Ясеноваца,imdbDisplay,RU
7200623,tt1119646,Мальчишник в Вегасе,imdbDisplay,RU
7496517,tt1130884,Остров проклятых,imdbDisplay,RU
7543320,tt1132620,Девушка с татуировкой дракона,imdbDisplay,RU
7653607,tt1136608,Район No 9,imdbDisplay,RU
7739002,tt1139797,Впусти меня,imdbDisplay,RU
7924563,tt11464826,Социальная дилемма,imdbDisplay,RU
8006642,tt1149362,Белая лента,imdbDisplay,RU
8110139,tt1152758,Дорогой Закари: письмо сыну о его отце,imdbDisplay,RU
8195718,tt11555492,Фарха,imdbDisplay,RU
8197317,tt1155592,Человек на проволоке,imdbDisplay,RU
8219304,tt1156398,Добро пожаловать в Zомбилэнд,imdbDisplay,RU
8261083,tt11580854,Наследие Сарпатта,imdbDisplay,RU
8261922,tt11581174,Карнан,imdbDisplay,RU
7357341,tt1125849,Рестлер,imdbDisplay,RU
5283425,tt1049413,Вверх,imdbDisplay,RU
5188496,tt1045658,Мой парень - псих,imdbDisplay,RU
5121625,tt10431500,Чудо в камере No7,imdbDisplay,RU
3782472,tt0947798,Чёрный лебедь,imdbDisplay,RU
3835115,tt0964517,Боец,imdbDisplay,RU
3856288,tt0970179,Хранитель времени,imdbDisplay,RU
3877425,tt0976051,Чтец,imdbDisplay,RU
3885787,tt0978762,Мэри и Макс,imdbDisplay,RU
48019647,tt9851854,Майор,imdbDisplay,RU
3916794,tt0988045,Шерлок Холмс,imdbDisplay,RU
3934781,tt0993846,Волк с Уолл-стрит,imdbDisplay,RU
4187947,tt10083340,Гангубай Катавади,imdbDisplay,RU
4235144,tt1010048,Миллионер из трущоб,imdbDisplay,RU
4331196,tt1013753,Харви Милк,imdbDisplay,RU
4360016,tt1014762,Дом. История путешествия,imdbDisplay,RU
4395641,tt1016150,На Западном фронте без перемен,imdbDisplay,RU
4471409,tt10189514,Хвала храбрецам,imdbDisplay,RU
4502314,tt1020072,Сельма,imdbDisplay,RU
4543249,tt10214826,Агент Саи Шриниваса Атрея,imdbDisplay,RU
4573765,tt1022603,500 дней летa,imdbDisplay,RU
4629204,tt1024648,Операция «Арго»,imdbDisplay,RU
4693252,tt10272386,Отец,imdbDisplay,RU
4713281,tt10280296,Командир Сингх,imdbDisplay,RU
4727444,tt1028532,Хатико: самый верный друг,imdbDisplay,RU
4737993,tt10288566,Еще по одной,imdbDisplay,RU
4833230,tt10324144,Статья 15,imdbDisplay,RU
4846385,tt1032846,"4 мeсяца, 3 недели и 2 дня",imdbDisplay,RU
4946236,tt10366206,Джон Уик 4,imdbDisplay,RU
4946693,tt10366460,CODA: Ребенок глухих родителей,imdbDisplay,RU
4955965,tt10370710,Худший человек на свете,imdbDisplay,RU
8324791,tt1160419,Дюна,imdbDisplay,RU
8590381,tt1170358,Хоббит: Пустошь Смауга,imdbDisplay,RU
8625298,tt1171701,Дыхание: Да здравствует Отечество,imdbDisplay,RU
8861242,tt1180583,"Сурья, сын Кришнана",imdbDisplay,RU
11665909,tt12888462,Мой учитель-осьминог,imdbDisplay,RU
11744175,tt1291584,Воин,imdbDisplay,RU
12030476,tt1302006,Ирландец,imdbDisplay,RU
12124817,tt1305806,Тайна в его глазах,imdbDisplay,RU
12157784,tt1306980,Жизнь прекрасна,imdbDisplay,RU
12321589,tt1313104,Бухта,imdbDisplay,RU
12397890,tt1315981,Одинокий мужчина,imdbDisplay,RU
12471887,tt1318514,Восстание планеты обезьян,imdbDisplay,RU
12605849,tt1323594,Гадкий я,imdbDisplay,RU
12609514,tt13238346,Прошлые жизни,imdbDisplay,RU
12688478,tt1327035,Дэв.Д,imdbDisplay,RU
13183874,tt1345836,Тёмный рыцарь: Возрождение легенды,imdbDisplay,RU
13570051,tt1360860,История Элли,imdbDisplay,RU
13674881,tt1365050,Безродные звери,imdbDisplay,RU
13712366,tt13664684,Картикея 2,imdbDisplay,RU
13822890,tt1371111,Облачный атлас,imdbDisplay,RU
13922247,tt1375666,Начало,imdbDisplay,RU
14118283,tt13833688,Кит,imdbDisplay,RU
14212283,tt1386932,Ип Ман 2,imdbDisplay,RU
14347266,tt1392190,Безумный Макс: Дорога ярости,imdbDisplay,RU
14348185,tt1392214,Пленницы,imdbDisplay,RU
14510750,tt1398426,Голос улиц,imdbDisplay,RU
14639428,tt1403865,Железная хватка,imdbDisplay,RU
14748958,tt1408101,Стартрек: Возмездие,imdbDisplay,RU
14931820,tt14152756,Морской заговор: Тайна устойчивого рыболовства,imdbDisplay,RU
15069007,tt14208870,Фабельманы,imdbDisplay,RU
15118866,tt14230458,Бедные-несчастные,imdbDisplay,RU
11606917,tt1286537,Корпорация 'Еда',imdbDisplay,RU
15325320,tt1431045,Дэдпул,imdbDisplay,RU
11565179,tt1285016,Социальная сеть,imdbDisplay,RU
11376727,tt1277737,Забивание камнями Сорайи М.,imdbDisplay,RU
8881473,tt11813216,Банши Инишерина,imdbDisplay,RU
8907930,tt1182345,Луна 2112,imdbDisplay,RU
9002227,tt1185616,Вальс с Баширом,imdbDisplay,RU
9039255,tt1187043,Три идиота,imdbDisplay,RU
9091480,tt1188996,Меня зовут Кхан,imdbDisplay,RU
9092376,tt1189073,"Кожа, в которой я живу",imdbDisplay,RU
9133094,tt1190539,Преследователь,imdbDisplay,RU
9200204,tt1193138,Мне бы в небо,imdbDisplay,RU
9321148,tt1197624,Законопослушный гражданин,imdbDisplay,RU
9428490,tt1201607,Гарри Поттер и Дары смерти: Часть II,imdbDisplay,RU
9532273,tt1205489,Гран Торино,imdbDisplay,RU
9656639,tt1210166,"Человек, который изменил всё",imdbDisplay,RU
9700980,tt1211837,Доктор Стрэндж,imdbDisplay,RU
9821204,tt1216496,Мать,imdbDisplay,RU
9888652,tt1219289,Области тьмы,imdbDisplay,RU
9921995,tt1220719,Ип Ман,imdbDisplay,RU
10061960,tt12262116,13 жизней,imdbDisplay,RU
10138732,tt1229238,Миссия невыполнима: Протокол Фантом,imdbDisplay,RU
10280832,tt1235166,Пророк,imdbDisplay,RU
10304386,tt12361178,Видимость 2,imdbDisplay,RU
10307095,tt12361974,Лига справедливости Зака Снайдера,imdbDisplay,RU
10463612,tt1242422,Камера 211,imdbDisplay,RU
10464852,tt1242460,Что-то не так с Кевином,imdbDisplay,RU
10689237,tt1250777,Пипец,imdbDisplay,RU
10825040,tt1255953,Пожары,imdbDisplay,RU
11196649,tt1270798,Люди Икс: Первый класс,imdbDisplay,RU
11335782,tt1276104,Петля времени,imdbDisplay,RU
11444109,tt1280558,Среда,imdbDisplay,RU
27112392,tt23289160,Годзилла минус один,imdbDisplay,RU
27120011,tt2331143,Сын в отца,imdbDisplay,RU
27150389,tt2334649,Станция «Фрутвейл»,imdbDisplay,RU
39862453,tt5727208,Неогранённые алмазы,imdbDisplay,RU
39920032,tt5764096,Хинди школа,imdbDisplay,RU
39986255,tt5804038,Я вам не негр,imdbDisplay,RU
40000144,tt5813916,Гора 2,imdbDisplay,RU
40131809,tt5895028,Тринадцатый,imdbDisplay,RU
40188428,tt5929776,Спасти планету,imdbDisplay,RU
40241302,tt5959980,Северный Ченнаи,imdbDisplay,RU
40333996,tt6019206,Убить Билла: Кровавое дело целиком,imdbDisplay,RU
40477473,tt6108090,Тайная суперзвезда,imdbDisplay,RU
40544811,tt6146586,Джон Уик 3,imdbDisplay,RU
40547321,tt6148156,Викрам Ведха,imdbDisplay,RU
40556994,tt6155172,Рома,imdbDisplay,RU
39861803,tt5726616,Назови меня своим именем,imdbDisplay,RU
40823851,tt6316138,Айла: Дочь войны,imdbDisplay,RU
40851393,tt6333060,Икар,imdbDisplay,RU
40927461,tt6380520,Шестнадцать сторон,imdbDisplay,RU
41032078,tt6452574,Санджай,imdbDisplay,RU
41119501,tt6499752,Апгрейд,imdbDisplay,RU
41283489,tt6587046,Мальчик и птица,imdbDisplay,RU
41364223,tt6628102,Дикая груша,imdbDisplay,RU
41395136,tt6644200,Тихое место,imdbDisplay,RU
41516990,tt6710474,Всё везде и сразу,imdbDisplay,RU
41597093,tt6751668,Паразиты,imdbDisplay,RU
41651048,tt6791350,Стражи Галактики. Часть 3,imdbDisplay,RU
41803262,tt6878038,Таксист,imdbDisplay,RU
41967510,tt6966692,Зеленая книга,imdbDisplay,RU
40830122,tt6320628,Человек-паук: Вдали от дома,imdbDisplay,RU
39822179,tt5700672,Поезд в Пусан,imdbDisplay,RU
39736086,tt5649144,Проект Флорида,imdbDisplay,RU
39624675,tt5580036,Тоня против всех,imdbDisplay,RU
38460606,tt4925292,Леди Бёрд,imdbDisplay,RU
38475382,tt4934950,Виновен,imdbDisplay,RU
38541834,tt4975722,Лунный свет,imdbDisplay,RU
38554860,tt4983780,Временная петля,imdbDisplay,RU
38561875,tt4987556,Одиночка,imdbDisplay,RU
38573386,tt4991384,Допрос,imdbDisplay,RU
38619929,tt5013056,Дюнкерк,imdbDisplay,RU
38648473,tt5027774,"Три билборда на границе Эббинга, Миссури",imdbDisplay,RU
38690700,tt5052448,Прочь,imdbDisplay,RU
38736509,tt5074352,Дангал,imdbDisplay,RU
38752366,tt5083738,Фаворитка,imdbDisplay,RU
38790331,tt5104604,Остров собак,imdbDisplay,RU
38812561,tt5116302,Того,imdbDisplay,RU
38882079,tt5164432,"С любовью, Саймон",imdbDisplay,RU
38888241,tt5168192,"Я, Дэниел Блэйк",imdbDisplay,RU
38914365,tt5186714,Коммивояжер,imdbDisplay,RU
38933078,tt5198068,Легенда о волках,imdbDisplay,RU
39112683,tt5311514,Твоё имя,imdbDisplay,RU
39113750,tt5312232,Дикий,imdbDisplay,RU
39135454,tt5323662,Форма голоса,imdbDisplay,RU
39190646,tt5362988,Ветреная река,imdbDisplay,RU
39191326,tt5363618,Звук металла,imdbDisplay,RU
39431723,tt5461944,Отель Мумбаи: Противостояние,imdbDisplay,RU
39432630,tt5462602,Любовь - болезнь,imdbDisplay,RU
39433653,tt5463162,Дэдпул 2,imdbDisplay,RU
39546376,tt5537002,Убийцы цветочной луны,imdbDisplay,RU
39611899,tt5571734,Розовый,imdbDisplay,RU
42060281,tt7019942,Супер делюкс,imdbDisplay,RU
42138505,tt7060344,Золушка,imdbDisplay,RU
42138709,tt7060460,"Тхиран, часть 1",imdbDisplay,RU
42292099,tt7131622,Однажды в... Голливуде,imdbDisplay,RU
44556997,tt8291224,Ури: Нападение на базу,imdbDisplay,RU
44718875,tt8367814,Джентльмены,imdbDisplay,RU
44800543,tt8404614,Папы,imdbDisplay,RU
44819693,tt8413338,Ночи Кумбаланги,imdbDisplay,RU
45011090,tt8503618,Гамильтон,imdbDisplay,RU
45180796,tt8579674,1917,imdbDisplay,RU
45242540,tt8613070,Портрет девушки в огне,imdbDisplay,RU
45275283,tt8633462,"Куда ты идешь, Аида?",imdbDisplay,RU
45461394,tt8721424,Тик-так... БУМ!,imdbDisplay,RU
45546350,tt8760684,Аполлон-11,imdbDisplay,RU
45956488,tt8946378,Достать ножи,imdbDisplay,RU
46059559,tt8991268,Страна мёда,imdbDisplay,RU
46182500,tt9052870,Налегке,imdbDisplay,RU
46215497,tt9071322,Тёмные воды,imdbDisplay,RU
46270032,tt9098872,Спасательная операция,imdbDisplay,RU
46458709,tt9179430,Викрам,imdbDisplay,RU
46653490,tt9263550,Ракетчик,imdbDisplay,RU
46885827,tt9362722,Человек-паук: Паутина вселенных,imdbDisplay,RU
46918263,tt9376612,Шан-Чи и легенда десяти колец,imdbDisplay,RU
46945534,tt9389998,Пушпа,imdbDisplay,RU
47154940,tt9477520,Демон,imdbDisplay,RU
47209757,tt9500372,Турецкий Геркулес,imdbDisplay,RU
47434093,tt9603212,Миссия: невыполнима. Смертельная расплата. Часть первая,imdbDisplay,RU
47465144,tt9617456,Для Самы,imdbDisplay,RU
47470466,tt9620288,Король Ричард,imdbDisplay,RU
47470525,tt9620292,"Девушка, подающая надежды",imdbDisplay,RU
47569666,tt9660502,Близко,imdbDisplay,RU
44506804,tt8267604,Капернаум,imdbDisplay,RU
38447864,tt4916630,Просто помиловать,imdbDisplay,RU
44448229,tt8239946,Тумбад,imdbDisplay,RU
44234911,tt8144834,Раздел 375,imdbDisplay,RU
42346699,tt7160372,Зона интересов,imdbDisplay,RU
42465809,tt7218518,Пэдмен,imdbDisplay,RU
42499684,tt7236034,Хочу съесть твою поджелудочную железу,imdbDisplay,RU
42561781,tt7268738,Мурали-молния,imdbDisplay,RU
42598265,tt7286456,Джокер,imdbDisplay,RU
42613599,tt7294534,Арджун Редди,imdbDisplay,RU
42717950,tt7349662,Чёрный клановец,imdbDisplay,RU
42789685,tt7392212,Жизнь - театр,imdbDisplay,RU
42812964,tt7405458,Мой ужасный сосед,imdbDisplay,RU
42913827,tt7465992,Артистка,imdbDisplay,RU
42915235,tt7466810,777 Чарли,imdbDisplay,RU
42945426,tt7485048,Супер 30,imdbDisplay,RU
43144078,tt7599146,Звук свободы,imdbDisplay,RU
43244996,tt7653254,История о супружестве,imdbDisplay,RU
43273037,tt7668870,Поиск,imdbDisplay,RU
43297870,tt7681902,Будешь моим соседом?,imdbDisplay,RU
43381113,tt7725596,Поздравляем!,imdbDisplay,RU
43404456,tt7738784,Воскрешение,imdbDisplay,RU
43485034,tt7775622,Фри-соло,imdbDisplay,RU
43617507,tt7838252,Золотые прииски Калора: Глава 1,imdbDisplay,RU
43713178,tt7888964,Никто,imdbDisplay,RU
43745339,tt7905466,Они никогда не станут старше,imdbDisplay,RU
43885506,tt7979580,Митчеллы против машин,imdbDisplay,RU
44087595,tt8075192,Магазинные воришки,imdbDisplay,RU
44156409,tt8108198,Стреляйте в пианиста,imdbDisplay,RU
44156612,tt8108268,Ташкентское дело,imdbDisplay,RU
44162787,tt8110330,Бедное сердце,imdbDisplay,RU
44313758,tt8178634,RRR: Рядом ревёт революция,imdbDisplay,RU
38441019,tt4912910,Миссия невыполнима: Последствия,imdbDisplay,RU
38434997,tt4908644,Зима в огне,imdbDisplay,RU
38419549,tt4901306,Идеальные незнакомцы,imdbDisplay,RU
28705016,tt2631186,Бахубали,imdbDisplay,RU
28970743,tt2659414,Чудо в камере No 7,imdbDisplay,RU
29197618,tt2674426,До встречи с тобой,imdbDisplay,RU
29201244,tt26745657,Мадгаон экспресс,imdbDisplay,RU
29685049,tt2713180,Ярость,imdbDisplay,RU
30140519,tt27503384,Идеальные дни,imdbDisplay,RU
30295313,tt2758880,Зимняя спячка,imdbDisplay,RU
30975585,tt2802144,Kingsman: Секретная служба,imdbDisplay,RU
30976058,tt2802154,Левиафан,imdbDisplay,RU
31993008,tt2870648,Эми,imdbDisplay,RU
32015376,tt2872718,Стрингер,imdbDisplay,RU
32168259,tt2882328,Гадкий,imdbDisplay,RU
32373853,tt2911666,Джон Уик,imdbDisplay,RU
32805670,tt2948356,Зверополис,imdbDisplay,RU
32805844,tt2948372,Душа,imdbDisplay,RU
33138198,tt2980516,Вселенная Стивена Хокинга,imdbDisplay,RU
33202462,tt2991224,Мандарины,imdbDisplay,RU
33384969,tt3011894,Дикие истории,imdbDisplay,RU
33772889,tt3040964,Книга джунглей,imdbDisplay,RU
34105782,tt3076658,Крид: Наследие Рокки,imdbDisplay,RU
34889622,tt3169706,Гордость,imdbDisplay,RU
34900729,tt3170832,Комната,imdbDisplay,RU
35544494,tt3262342,"Ван Гог. С любовью, Винсент",imdbDisplay,RU
35546408,tt3263904,Чудо на Гудзоне,imdbDisplay,RU
35578642,tt3281548,Маленькие женщины,imdbDisplay,RU
35614127,tt3302820,Скотозаговор,imdbDisplay,RU
35638286,tt3315342,Логан,imdbDisplay,RU
28532781,tt2592910,Основы CM101MMXI,imdbDisplay,RU
35640856,tt3316960,Всё ещё Элис,imdbDisplay,RU
28510865,tt2584384,Кролик Джоджо,imdbDisplay,RU
28506214,tt2582802,Одержимость,imdbDisplay,RU
27163616,tt2338151,ПиКей,imdbDisplay,RU
27257548,tt2350496,Ланчбокс,imdbDisplay,RU
27294668,tt2356180,"Беги, Милка, беги!",imdbDisplay,RU
27310689,tt2358592,Люсия,imdbDisplay,RU
27312330,tt2358891,Великая красота,imdbDisplay,RU
27399608,tt2370248,Короткий срок 12,imdbDisplay,RU
27463815,tt2375559,Один,imdbDisplay,RU
27464014,tt2375605,Акт убийства,imdbDisplay,RU
27495691,tt2377938,26 гpабителей,imdbDisplay,RU
27525337,tt2380307,Тайна Коко,imdbDisplay,RU
27539272,tt2381111,Бруклин,imdbDisplay,RU
27540300,tt2381249,Миссия невыполнима: Племя изгоев,imdbDisplay,RU
27591574,tt23849204,12-я неудача,imdbDisplay,RU
27686861,tt2395469,Парень из гетто,imdbDisplay,RU
27695180,tt2397535,Патруль времени,imdbDisplay,RU
27745406,tt2404461,Секреты прошлого,imdbDisplay,RU
27790195,tt24082438,20 дней в Мариуполе,imdbDisplay,RU
27910852,tt2431286,Филомена,imdbDisplay,RU
28108402,tt2488496,Звёздные войны: Пробуждение Силы,imdbDisplay,RU
28361265,tt2543164,Прибытие,imdbDisplay,RU
28362211,tt25433734,"Привет, пап!",imdbDisplay,RU
28362788,tt2543472,Чудо,imdbDisplay,RU
28376694,tt2545118,Чёрный плавник,imdbDisplay,RU
28426877,tt2562232,Бёрдмэн,imdbDisplay,RU
28474278,tt2576852,Сказание о принцессе Кагуя,imdbDisplay,RU
28505591,tt2582496,"Я, Эрл и умирающая девушка",imdbDisplay,RU
28506142,tt2582782,Любой ценой,imdbDisplay,RU
28506372,tt2582846,Виноваты звезды,imdbDisplay,RU
3772988,tt0945513,Исходный код,imdbDisplay,RU
35650178,tt3322420,Королева,imdbDisplay,RU
35767689,tt3397884,Убийца,imdbDisplay,RU
36825397,tt4016934,Служанка,imdbDisplay,RU
36856217,tt4034228,Манчестер у моря,imdbDisplay,RU
36874382,tt4044364,Гражданин четыре,imdbDisplay,RU
36933555,tt4080728,Вторая жизнь Уве,imdbDisplay,RU
37073909,tt4154756,Мстители: Война бесконечности,imdbDisplay,RU
37074079,tt4154796,Мстители: Финал,imdbDisplay,RU
37095380,tt4169250,М.С. Дхони: Нерассказанная история,imdbDisplay,RU
37192969,tt4226388,Виктория,imdbDisplay,RU
37248085,tt4257858,Начистоту: Саентология и тюрьма убеждений,imdbDisplay,RU
37336270,tt4302938,Кубо. Легенда о самурае,imdbDisplay,RU
37452407,tt4364194,Арахисовый сокол,imdbDisplay,RU
37494121,tt4387040,Воздушная перевозка,imdbDisplay,RU
37576959,tt4425200,Джон Уик 2,imdbDisplay,RU
37585224,tt4430212,Видимость,imdbDisplay,RU
37649887,tt4468740,Приключения Паддингтона 2,imdbDisplay,RU
37673930,tt4481414,Одарённая,imdbDisplay,RU
37772120,tt4540710,Опасная игра Слоун,imdbDisplay,RU
37786315,tt4550098,Под покровом ночи,imdbDisplay,RU
37926380,tt4633694,Человек-паук: Через Вселенные,imdbDisplay,RU
37928870,tt4635372,Улетай один,imdbDisplay,RU
38010635,tt4679210,Моя любовь,imdbDisplay,RU
38041162,tt4698684,Охота на дикарей,imdbDisplay,RU
38094965,tt4729430,Клаус,imdbDisplay,RU
38322476,tt4846340,Скрытые фигуры,imdbDisplay,RU
38327211,tt4849438,Бахубали: Завершение,imdbDisplay,RU
38338962,tt4857264,Невидимый гость,imdbDisplay,RU
38367112,tt4873118,Переводчик,imdbDisplay,RU
36601964,tt3915174,Кот в сапогах 2: Последнее желание,imdbDisplay,RU
35757296,tt3390572,Хайдер,imdbDisplay,RU
36573475,tt3896198,Стражи Галактики. Часть 2,imdbDisplay,RU
36515724,tt3863552,Брат Баджранги,imdbDisplay,RU
35797725,tt3416742,Реальные упыри,imdbDisplay,RU
35798572,tt3417422,Видимость,imdbDisplay,RU
35855350,tt3449292,Манджхи: Человек горы,imdbDisplay,RU
35857947,tt3450958,Планета обезьян: Война,imdbDisplay,RU
35870120,tt3460252,Омерзительная восьмерка,imdbDisplay,RU
35871924,tt3461252,Голубой слонёнок,imdbDisplay,RU
35931138,tt3498820,Первый мститель: Противостояние,imdbDisplay,RU
35934881,tt3501632,Тор: Рагнарёк,imdbDisplay,RU
35951606,tt3513548,Дело Ричарда Джуэлла,imdbDisplay,RU
35962086,tt3521134,Взгляд тишины,imdbDisplay,RU
35962167,tt3521164,Моана,imdbDisplay,RU
36003600,tt3544112,Рок-н-рольщики,imdbDisplay,RU
36017380,tt3553976,Капитан Фантастик,imdbDisplay,RU
36096879,tt3606756,Суперсемейка 2,imdbDisplay,RU
36106470,tt3612616,Мамочка,imdbDisplay,RU
36183224,tt3659388,Марсианин,imdbDisplay,RU
36195912,tt3668162,Бангалорские дни,imdbDisplay,RU
36203644,tt3674140,Соль Земли,imdbDisplay,RU
36216152,tt3682448,Шпионский мост,imdbDisplay,RU
36310713,tt3741834,Лев,imdbDisplay,RU
36320988,tt3748528,Изгой-один: Звёздные войны. Истории,imdbDisplay,RU
36380562,tt3783958,Ла-Ла Ленд,imdbDisplay,RU
36410779,tt3799694,Славные парни,imdbDisplay,RU
36413182,tt3801314,Нож,imdbDisplay,RU
36460186,tt3829920,Дело храбрых,imdbDisplay,RU
36481093,tt3841424,Моя земля,imdbDisplay,RU
36491080,tt3848892,Бэйби,imdbDisplay,RU
36565063,tt3890160,Малыш на драйве,imdbDisplay,RU
3737682,tt0936501,Заложница,imdbDisplay,RU
3911757,tt0986264,Звёздочки на земле,imdbDisplay,RU
3695236,tt0923752,Король Конга,imdbDisplay,RU
1086069,tt0121766,Звёздные войны: Эпизод III - Месть ситхов,imdbDisplay,RU
1102992,tt0125659,Открой глаза,imdbDisplay,RU
1104568,tt0126029,Шрэк,imdbDisplay,RU
1113642,tt0128332,Невиновность,imdbDisplay,RU
1114159,tt0128445,Академия Рашмор,imdbDisplay,RU
1116857,tt0129167,Стальной гигант,imdbDisplay,RU
1123370,tt0130827,"Беги, Лола, беги",imdbDisplay,RU
1129213,tt0132477,Октябрьское небо,imdbDisplay,RU
1131472,tt0133093,Матрица,imdbDisplay,RU
1148028,tt0137523,Бойцовский клуб,imdbDisplay,RU
1156082,tt0139654,Тренировочный день,imdbDisplay,RU
1158653,tt0140352,Свой человек,imdbDisplay,RU
1083897,tt0121164,Труп невесты,imdbDisplay,RU
1161102,tt0140888,Центральный вокзал,imdbDisplay,RU
1173615,tt0144117,Святые из Бундока,imdbDisplay,RU
1178629,tt0145487,Человек-паук,imdbDisplay,RU
1185681,tt0147612,Счастье,imdbDisplay,RU
1198971,tt0151804,Офисное пространство,imdbDisplay,RU
1206906,tt0154420,Торжество,imdbDisplay,RU
1216125,tt0156887,Истинная грусть,imdbDisplay,RU
1223946,tt0158983,"Южный Парк: Большой, длинный, необрезанный",imdbDisplay,RU
1236150,tt0162222,Изгой,imdbDisplay,RU
1250401,tt0165798,Пёс-призрак: Путь самурая,imdbDisplay,RU
1255362,tt0166896,Простая история,imdbDisplay,RU
1255526,tt0166924,Малхолланд Драйв,imdbDisplay,RU
1173422,tt0144084,Американский психопат,imdbDisplay,RU
1081871,tt0120863,Тонкая красная линия,imdbDisplay,RU
1081083,tt0120815,Спасти рядового Райана,imdbDisplay,RU
1080532,tt0120789,Плезантвиль,imdbDisplay,RU
1057251,tt0118884,Контакт,imdbDisplay,RU
1057893,tt0118929,Тёмный город,imdbDisplay,RU
1058354,tt0118971,Адвокат дьявола,imdbDisplay,RU
1058788,tt0119008,Донни Браско,imdbDisplay,RU
1060052,tt0119116,Пятый элемент,imdbDisplay,RU
1060571,tt0119167,Забавные игры,imdbDisplay,RU
1060696,tt0119174,Игра,imdbDisplay,RU
1060784,tt0119177,Гаттака,imdbDisplay,RU
1061224,tt0119217,Умница Уилл Хантинг,imdbDisplay,RU
1063469,tt0119396,Джеки Браун,imdbDisplay,RU
1064079,tt0119472,Достучаться до небес,imdbDisplay,RU
1064243,tt0119488,Секреты Лос-Анджелеса,imdbDisplay,RU
1066704,tt0119698,Принцесса Мононоке,imdbDisplay,RU
1067949,tt0119822,Лучше не бывает,imdbDisplay,RU
1072853,tt0120265,Вкус вишни,imdbDisplay,RU
1073433,tt0120338,Титаник,imdbDisplay,RU
1073707,tt0120363,История игрушек 2,imdbDisplay,RU
1073971,tt0120382,Шоу Трумана,imdbDisplay,RU
1076117,tt0120586,Американская история Икс,imdbDisplay,RU
1076472,tt0120601,Быть Джоном Малковичем,imdbDisplay,RU
1077726,tt0120663,С широко закрытыми глазами,imdbDisplay,RU
1077836,tt0120669,Cтрах и ненависть в Лас-Вегасе,imdbDisplay,RU
1078292,tt0120689,Зелёная миля,imdbDisplay,RU
1079008,tt0120731,Легенда о пианисте,imdbDisplay,RU
1079087,tt0120735,"Карты, деньги, два ствола",imdbDisplay,RU
1079113,tt0120737,Властелин колец: Братство кольца,imdbDisplay,RU
1079774,tt0120762,Мулан,imdbDisplay,RU
1257160,tt0167260,Властелин колец: Возвращение короля,imdbDisplay,RU
1056831,tt0118849,Дети небес,imdbDisplay,RU
1257228,tt0167261,Властелин колец: Две крепости,imdbDisplay,RU
1263116,tt0168629,Танцующая в темноте,imdbDisplay,RU
1512138,tt0242519,Горе-вымогатели,imdbDisplay,RU
1513769,tt0243017,Пробуждение жизни,imdbDisplay,RU
1514175,tt0243133,"Человек, которого не было",imdbDisplay,RU
1518195,tt0244316,Один и два,imdbDisplay,RU
1521880,tt0245429,Унесённые призраками,imdbDisplay,RU
1522384,tt0245574,И твою маму тоже,imdbDisplay,RU
1522915,tt0245712,Сука любовь,imdbDisplay,RU
1523343,tt0245844,Граф Монте-Кристо,imdbDisplay,RU
1525642,tt0246578,Донни Дарко,imdbDisplay,RU
1529209,tt0247586,Девять королев,imdbDisplay,RU
1533104,tt0248845,Хедвиг и злосчастный дюйм,imdbDisplay,RU
1535079,tt0249462,Билли Эллиот,imdbDisplay,RU
1509154,tt0241527,Гарри Поттер и философский камень,imdbDisplay,RU
1537605,tt0250258,Эксперимент,imdbDisplay,RU
1559395,tt0257044,Проклятый путь,imdbDisplay,RU
1564130,tt0258463,Идентификация Борна,imdbDisplay,RU
1567776,tt0259534,Рамаяна: Легенда о царевиче Раме,imdbDisplay,RU
1572149,tt0260991,Объединенная зона безопасности,imdbDisplay,RU
1579627,tt0263438,Все будет очень хорошо,imdbDisplay,RU
3705298,tt0926084,Гарри Поттер и Дары смерти: Часть I,imdbDisplay,RU
1585241,tt0265086,Чёрный ястреб,imdbDisplay,RU
1587290,tt0265666,Семейка Тененбаум,imdbDisplay,RU
1589197,tt0266308,Королевская битва,imdbDisplay,RU
1590051,tt0266543,В поисках Немо,imdbDisplay,RU
1590476,tt0266697,Убить Билла,imdbDisplay,RU
1548278,tt0253474,Пианист,imdbDisplay,RU
1506811,tt0240772,Одиннадцать друзей Оушена,imdbDisplay,RU
1475284,tt0230600,Другие,imdbDisplay,RU
1447188,tt0221027,Кокаин,imdbDisplay,RU
1264701,tt0169102,Лагаан: Однажды в Индии,imdbDisplay,RU
1266321,tt0169547,Красота по-американски,imdbDisplay,RU
1267408,tt0169858,Конец Евангелиона,imdbDisplay,RU
1274854,tt0171804,Парни не плачут,imdbDisplay,RU
1277326,tt0172495,Гладиатор,imdbDisplay,RU
1286040,tt0174856,Ураган,imdbDisplay,RU
1289918,tt0175880,Магнолия,imdbDisplay,RU
1304650,tt0180093,Реквием по мечте,imdbDisplay,RU
1310160,tt0181689,Особое мнение,imdbDisplay,RU
1310896,tt0181865,Траффик,imdbDisplay,RU
1310990,tt0181875,Почти знаменит,imdbDisplay,RU
1322629,tt0185125,Всё о моей матери,imdbDisplay,RU
1341444,tt0190332,"Крадущийся тигр, затаившийся дракон",imdbDisplay,RU
1342316,tt0190590,"О, где же ты, брат?",imdbDisplay,RU
1343857,tt0191043,Цвет рая,imdbDisplay,RU
1358287,tt0195231,Предательство,imdbDisplay,RU
1370480,tt0198781,Корпорация монстров,imdbDisplay,RU
1375476,tt0200087,Злой умысел,imdbDisplay,RU
1386058,tt0203009,Мулен Руж,imdbDisplay,RU
1398957,tt0206634,Дитя человеческое,imdbDisplay,RU
1403926,tt0208092,Большой куш,imdbDisplay,RU
1407497,tt0209144,Помни,imdbDisplay,RU
1413700,tt0210945,Вспоминая Титанов,imdbDisplay,RU
1417372,tt0211915,Амели,imdbDisplay,RU
1427170,tt0214915,Изысканный замок,imdbDisplay,RU
1429586,tt0215750,Враг у ворот,imdbDisplay,RU
1435055,tt0217505,Банды Нью-Йорка,imdbDisplay,RU
1257928,tt0167404,Шестое чувство,imdbDisplay,RU
1594803,tt0268126,Адаптация,imdbDisplay,RU
1056690,tt0118843,"Чёрная кошкa, белый кот",imdbDisplay,RU
1055466,tt0118749,Ночи в стиле буги,imdbDisplay,RU
934492,tt0105236,Бешеные псы,imdbDisplay,RU
935203,tt0105323,Запах женщины,imdbDisplay,RU
938824,tt0105695,Непрощенный,imdbDisplay,RU
944410,tt0106332,"Прощай, моя наложница",imdbDisplay,RU
944785,tt0106364,Бэтмен: Маска Фантазма,imdbDisplay,RU
945887,tt0106469,За кровь платят кровью,imdbDisplay,RU
946121,tt0106489,Бронкская история,imdbDisplay,RU
946335,tt0106519,Путь Карлито,imdbDisplay,RU
947843,tt0106677,Под кайфом и в смятении,imdbDisplay,RU
949365,tt0106856,С меня хватит!,imdbDisplay,RU
950652,tt0106977,Беглец,imdbDisplay,RU
951293,tt0107048,День сурка,imdbDisplay,RU
931926,tt0104952,Мой кузен Винни,imdbDisplay,RU
953011,tt0107207,Во имя отца,imdbDisplay,RU
957123,tt0107653,Обнаженная,imdbDisplay,RU
957559,tt0107688,Кошмар перед Рождеством,imdbDisplay,RU
957612,tt0107692,Манускрипт ниндзя,imdbDisplay,RU
958461,tt0107808,Совершенный мир,imdbDisplay,RU
958589,tt0107818,Филадельфия,imdbDisplay,RU
958681,tt0107822,Пианино,imdbDisplay,RU
959639,tt0107943,На исходе дня,imdbDisplay,RU
960493,tt0108037,Площадка,imdbDisplay,RU
960640,tt0108052,Список Шиндлера,imdbDisplay,RU
963674,tt0108358,Тумстоун: Легенда дикого запада,imdbDisplay,RU
963958,tt0108394,Три цвета: Синий,imdbDisplay,RU
964078,tt0108399,Настоящая любовь,imdbDisplay,RU
953910,tt0107290,Парк юрского периода,imdbDisplay,RU
931819,tt0104940,Рождественская сказка Маппетов,imdbDisplay,RU
930542,tt0104797,Малкольм Икс,imdbDisplay,RU
929451,tt0104691,Последний из могикан,imdbDisplay,RU
877546,tt0099348,Танцующий с волками,imdbDisplay,RU
879176,tt0099487,Эдвард руки-ножницы,imdbDisplay,RU
881071,tt0099674,Крестный отец: Часть III,imdbDisplay,RU
881199,tt0099685,Славные парни,imdbDisplay,RU
882472,tt0099785,Один дома,imdbDisplay,RU
886208,tt0100157,Мизери,imdbDisplay,RU
887932,tt0100332,Париж горит,imdbDisplay,RU
892585,tt0100802,Вспомнить всё,imdbDisplay,RU
898043,tt0101414,Красавица и чудовище,imdbDisplay,RU
900531,tt0101640,Подними красный фонарь,imdbDisplay,RU
900640,tt0101649,Командир,imdbDisplay,RU
901223,tt0101700,Деликатесы,imdbDisplay,RU
903164,tt0101889,Король-рыбак,imdbDisplay,RU
903545,tt0101921,Жареные зеленые помидоры,imdbDisplay,RU
905598,tt0102138,Джон Ф. Кеннеди: Выстрелы в Далласе,imdbDisplay,RU
909258,tt0102536,Ночь на Земле,imdbDisplay,RU
913129,tt0102926,Молчание ягнят,imdbDisplay,RU
914476,tt0103064,Терминатор 2: Судный день,imdbDisplay,RU
914644,tt0103074,Тельма и Луиза,imdbDisplay,RU
919349,tt0103639,Аладдин,imdbDisplay,RU
920284,tt0103767,Барака,imdbDisplay,RU
921497,tt0103873,Живая мертвечина,imdbDisplay,RU
925272,tt0104257,Несколько хороших парней,imdbDisplay,RU
926063,tt0104348,Гленгарри Глен Росс (Американцы),imdbDisplay,RU
928326,tt0104561,Соперники,imdbDisplay,RU
929048,tt0104652,Порко Россо,imdbDisplay,RU
929353,tt0104684,Круто сваренные,imdbDisplay,RU
965197,tt0108550,Что гложет Гилберта Грейпа,imdbDisplay,RU
1056173,tt0118799,Жизнь прекрасна,imdbDisplay,RU
969938,tt0109117,Хочу жениться на дочери миллионера,imdbDisplay,RU
973038,tt0109445,Клерки,imdbDisplay,RU
1012482,tt0113824,Шёпот сердца,imdbDisplay,RU
1017185,tt0114369,Семь,imdbDisplay,RU
1017356,tt0114388,Разум и чувства,imdbDisplay,RU
1020113,tt0114709,История игрушек,imdbDisplay,RU
1020495,tt0114746,12 обезьян,imdbDisplay,RU
1020866,tt0114787,Андеграунд,imdbDisplay,RU
1021135,tt0114814,Подозрительные лица,imdbDisplay,RU
1028742,tt0115751,Рассекая волны,imdbDisplay,RU
1032831,tt0116231,Бандит,imdbDisplay,RU
1033459,tt0116282,Фарго,imdbDisplay,RU
1035345,tt0116477,Гамлет,imdbDisplay,RU
1038946,tt0116860,Красивые деревни красиво горят,imdbDisplay,RU
1010820,tt0113627,Покидая Лас-Вегас,imdbDisplay,RU
1039453,tt0116922,Шоссе в никуда,imdbDisplay,RU
1043376,tt0117381,Первобытный страх,imdbDisplay,RU
1044414,tt0117500,Скала,imdbDisplay,RU
1044929,tt0117571,Крик,imdbDisplay,RU
1045166,tt0117589,Тайны и ложь,imdbDisplay,RU
1045597,tt0117631,Блеск,imdbDisplay,RU
1045858,tt0117665,Спящие,imdbDisplay,RU
1045909,tt0117666,Отточенное лезвие,imdbDisplay,RU
1046446,tt0117731,Звездный путь: Первый контакт,imdbDisplay,RU
1047993,tt0117913,Время убивать,imdbDisplay,RU
1048318,tt0117951,На игле,imdbDisplay,RU
1054840,tt0118694,Любовное настроение,imdbDisplay,RU
1055082,tt0118715,Большой Лебовски,imdbDisplay,RU
1042608,tt0117293,Потерянный рай,imdbDisplay,RU
1010400,tt0113568,Призрак в доспехах,imdbDisplay,RU
1007850,tt0113277,Схватка,imdbDisplay,RU
1007471,tt0113247,Ненависть,imdbDisplay,RU
973743,tt0109506,Ворон,imdbDisplay,RU
973783,tt0109508,Крамб,imdbDisplay,RU
975668,tt0109707,Эд Вуд,imdbDisplay,RU
976820,tt0109830,Форрест Гамп,imdbDisplay,RU
978809,tt0110057,Баскетбольные мечты,imdbDisplay,RU
979068,tt0110081,Жить,imdbDisplay,RU
979710,tt0110148,Интервью с вампиром,imdbDisplay,RU
981275,tt0110322,Легенды осени,imdbDisplay,RU
981553,tt0110357,Король Лев,imdbDisplay,RU
982217,tt0110413,Леон,imdbDisplay,RU
985043,tt0110729,Когда-то были воинами,imdbDisplay,RU
986290,tt0110877,Почтальон,imdbDisplay,RU
986716,tt0110912,Криминальное чтиво,imdbDisplay,RU
989171,tt0111161,Побег из Шоушенка,imdbDisplay,RU
992160,tt0111495,Три цвета: Красный,imdbDisplay,RU
992321,tt0111507,Три цвета: Белый,imdbDisplay,RU
998739,tt0112384,Аполлон 13,imdbDisplay,RU
999803,tt0112471,Перед рассветом,imdbDisplay,RU
1000718,tt0112573,Храброе сердце,imdbDisplay,RU
1000818,tt0112579,Мосты округа Мэдисон,imdbDisplay,RU
1001363,tt0112641,Казино,imdbDisplay,RU
1003329,tt0112817,Мертвец,imdbDisplay,RU
1003376,tt0112818,Мертвец идет,imdbDisplay,RU
1003904,tt0112864,Крепкий орешек 3,imdbDisplay,RU
1003980,tt0112870,Непохищенная невеста,imdbDisplay,RU
1004426,tt0112913,Падшие ангелы,imdbDisplay,RU
972779,tt0109424,Чyнгкингский экспресс,imdbDisplay,RU
1595619,tt0268380,Ледниковый период,imdbDisplay,RU
1583107,tt0264464,"Поймай меня, если сможешь",imdbDisplay,RU
2012256,tt0401383,Скафандр и бабочка,imdbDisplay,RU
2085856,tt0425112,Типа крутые легавые,imdbDisplay,RU
2086347,tt0425210,Счастливое число Слевина,imdbDisplay,RU
2092828,tt0427312,Чeловек гризли,imdbDisplay,RU
2094817,tt0427944,Здесь курят,imdbDisplay,RU
2097561,tt0428870,Не хочу забывать,imdbDisplay,RU
2107671,tt0432283,Бесподобный мистер Фокс,imdbDisplay,RU
2114121,tt0434409,«V» значит Вендетта,imdbDisplay,RU
2118320,tt0435761,История игрушек: Большой побег,imdbDisplay,RU
2133365,tt0440963,Ультиматум Борна,imdbDisplay,RU
2135582,tt0441773,Кунг-фу Панда,imdbDisplay,RU
2136136,tt0441909,Возвращение,imdbDisplay,RU
2140469,tt0443453,Борат,imdbDisplay,RU
2082887,tt0424227,И черепахи умеют летать,imdbDisplay,RU
2141041,tt0443543,Иллюзионист,imdbDisplay,RU
2141794,tt0443706,Зодиак,imdbDisplay,RU
2148447,tt0446029,Скотт Пилигрим против всех,imdbDisplay,RU
2148617,tt0446059,Бесстрашный,imdbDisplay,RU
2157319,tt0449059,Маленькая Мисс Счастье,imdbDisplay,RU
2158616,tt0449467,Вавилон,imdbDisplay,RU
2160733,tt0450188,Жизнь в розовом цвете,imdbDisplay,RU
2161016,tt0450259,Кровавый алмаз,imdbDisplay,RU
2163729,tt0451094,Сочувствие госпоже Месть,imdbDisplay,RU
2168235,tt0452623,"Прощай, детка, прощай",imdbDisplay,RU
2171389,tt0453562,42,imdbDisplay,RU
2171802,tt0453729,Икбал,imdbDisplay,RU
2174774,tt0454848,Не пойман - не вор,imdbDisplay,RU
2141631,tt0443680,Как трусливый Роберт Форд убил Джесси Джеймса,imdbDisplay,RU
2081731,tt0423866,Пустой дом,imdbDisplay,RU
2077036,tt0422320,Смельчак,imdbDisplay,RU
2075322,tt0421715,Загадочная история Бенджамина Баттона,imdbDisplay,RU
1993451,tt0395169,Отель «Руанда»,imdbDisplay,RU
1996632,tt0396171,Парфюмер: История одного убийцы,imdbDisplay,RU
2003385,tt0398286,Рапунцель: Запутанная история,imdbDisplay,RU
2006547,tt0399295,Оружейный барон,imdbDisplay,RU
2009035,tt0400234,Черная Пятница,imdbDisplay,RU
2011472,tt0401085,Братья C.R.A.Z.Y.,imdbDisplay,RU
1597457,tt0268978,Игры разума,imdbDisplay,RU
2013583,tt0401792,Город грехов,imdbDisplay,RU
2020906,tt0404203,Как малые дети,imdbDisplay,RU
2023369,tt0405094,Жизнь других,imdbDisplay,RU
2023594,tt0405159,Малышка на миллион,imdbDisplay,RU
2024743,tt0405508,Цвет шафрана,imdbDisplay,RU
2031720,tt0407887,Отступники,imdbDisplay,RU
2032939,tt0408306,Мюнхен,imdbDisplay,RU
2034036,tt0408664,Никто не узнает,imdbDisplay,RU
2036421,tt0409459,Хранители,imdbDisplay,RU
2044427,tt0412080,Самый быстрый Indian,imdbDisplay,RU
2051331,tt0414387,Гордость и предубеждение,imdbDisplay,RU
2057401,tt0416320,Матч Поинт,imdbDisplay,RU
2057878,tt0416449,300 спартанцев,imdbDisplay,RU
2059398,tt0416960,Ящерица,imdbDisplay,RU
2061979,tt0417741,Гарри Поттер и Принц-полукровка,imdbDisplay,RU
2064295,tt0418455,Адамовы яблоки,imdbDisplay,RU
2069130,tt0419887,Бегущий за ветром,imdbDisplay,RU
2070291,tt0420223,Персонаж,imdbDisplay,RU
2070836,tt0420332,Bир и Зара: История любви,imdbDisplay,RU
2073269,tt0421082,Контроль,imdbDisplay,RU
2174944,tt0454876,Жизнь Пи,imdbDisplay,RU
2175202,tt0454921,В погоне за счастьем,imdbDisplay,RU
2177555,tt0455590,Последний король Шотландии,imdbDisplay,RU
2179536,tt0456144,Братан Мунна 2,imdbDisplay,RU
3254686,tt0796366,Звёздный путь,imdbDisplay,RU
3295031,tt0808417,Персеполис,imdbDisplay,RU
3295342,tt0808506,"Девочка, покорившая время",imdbDisplay,RU
3315465,tt0814314,Семь жизней,imdbDisplay,RU
3317959,tt0815241,Верующие,imdbDisplay,RU
3321505,tt0816442,Воровка книг,imdbDisplay,RU
3322369,tt0816692,Интерстеллар,imdbDisplay,RU
3324289,tt0817177,"Привет, Джули!",imdbDisplay,RU
3347353,tt0824747,Подмена,imdbDisplay,RU
3349323,tt0825232,Пока не сыграл в ящик,imdbDisplay,RU
3361729,tt0829482,SuperПерцы,imdbDisplay,RU
3394763,tt0840361,Город воров,imdbDisplay,RU
3417593,tt0848228,Мстители,imdbDisplay,RU
3427363,tt0851578,Паприка,imdbDisplay,RU
3460916,tt0860906,Евангелион 2.22: Ты (не) пройдешь,imdbDisplay,RU
3464148,tt0861739,Элитный отряд,imdbDisplay,RU
3492479,tt0870111,Фрост против Никсона,imdbDisplay,RU
3497698,tt0871510,"Индия, вперед!",imdbDisplay,RU
3516588,tt0876563,Рыбка Поньо на утёсе,imdbDisplay,RU
3524596,tt0878804,Невидимая сторона,imdbDisplay,RU
3556674,tt0887912,Повелитель бури,imdbDisplay,RU
3573353,tt0892769,Как приручить дракона,imdbDisplay,RU
3616793,tt0903624,Хоббит: Нежданное путешествие,imdbDisplay,RU
3631878,tt0907657,Однажды,imdbDisplay,RU
3645264,tt0910970,ВАЛЛ·И,imdbDisplay,RU
3662483,tt0914798,Мальчик в полосатой пижаме,imdbDisplay,RU
3682582,tt0918927,Сомнение,imdbDisplay,RU
3235563,tt0790636,Далласский клуб покупателей,imdbDisplay,RU
1979358,tt0389557,Чeрная книга,imdbDisplay,RU
3213060,tt0783233,Искупление,imdbDisplay,RU
3203141,tt0780504,Драйв,imdbDisplay,RU
2183321,tt0457430,Лабиринт Фавна,imdbDisplay,RU
2184168,tt0457655,После свадьбы,imdbDisplay,RU
2193682,tt0460791,Запределье,imdbDisplay,RU
2198511,tt0462322,Грайндхаус,imdbDisplay,RU
2203599,tt0463998,Писатели свободы,imdbDisplay,RU
2210859,tt0466460,Гнёздышко Кхослы,imdbDisplay,RU
2213411,tt0467406,Джуно,imdbDisplay,RU
2216380,tt0468569,Тёмный рыцарь,imdbDisplay,RU
2219010,tt0469494,Нефть,imdbDisplay,RU
2222803,tt0470752,Из машины,imdbDisplay,RU
2225110,tt0471571,Под прицелом,imdbDisplay,RU
2226458,tt0472043,Апокалипсис,imdbDisplay,RU
2235585,tt0475276,Потерянный рейс,imdbDisplay,RU
2239896,tt0476735,Мой отец и мой сын,imdbDisplay,RU
2241947,tt0477348,Старикам тут не место,imdbDisplay,RU
2250257,tt0480025,Это - Англия!,imdbDisplay,RU
2257691,tt0482571,Престиж,imdbDisplay,RU
2266898,tt0485947,Господин Никто,imdbDisplay,RU
2269167,tt0486655,Звёздная пыль,imdbDisplay,RU
2274096,tt0488414,Омкара,imdbDisplay,RU
2301974,tt0498380,Письма с Иводзимы,imdbDisplay,RU
2305338,tt0499549,Аватар,imdbDisplay,RU
3127398,tt0756683,Человек с Земли,imdbDisplay,RU
3133588,tt0758758,В диких условиях,imdbDisplay,RU
3155007,tt0765429,Гангстер,imdbDisplay,RU
3155179,tt0765443,Порок на экспорт,imdbDisplay,RU
3173071,tt0770802,Самсара,imdbDisplay,RU
3203488,tt0780536,Залечь на дно в Брюгге,imdbDisplay,RU
1977237,tt0388795,Горбатая гора,imdbDisplay,RU
48124920,tt9900782,Узник,imdbDisplay,RU
1972800,tt0387564,Пила: Игра на выживание,imdbDisplay,RU
1751156,tt0315733,Двадцать один грамм,imdbDisplay,RU
1753949,tt0316654,Человек-паук 2,imdbDisplay,RU
1756055,tt0317248,Город Бога,imdbDisplay,RU
1757502,tt0317705,Суперсемейка,imdbDisplay,RU
1758143,tt0317910,Туман войны,imdbDisplay,RU
1760165,tt0318462,Че Гевара: Дневники мотоциклиста,imdbDisplay,RU
1762308,tt0319061,Крупная рыба,imdbDisplay,RU
1764294,tt0319736,Легенда о Бхагате Сингхе,imdbDisplay,RU
1782662,tt0325710,Последний самурай,imdbDisplay,RU
1783469,tt0325980,Пираты Карибского моря: Проклятие Чёрной жемчужины,imdbDisplay,RU
1786723,tt0327056,Таинственная река,imdbDisplay,RU
1788531,tt0327597,Коралина в стране кошмаров,imdbDisplay,RU
1790219,tt0328107,Гнев,imdbDisplay,RU
1803524,tt0332280,Дневник памяти,imdbDisplay,RU
1811679,tt0335266,Трудности перевода,imdbDisplay,RU
1819704,tt0338013,Вечное сияние чистого разума,imdbDisplay,RU
1820857,tt0338309,Зло,imdbDisplay,RU
1822076,tt0338564,Двойная рокировка,imdbDisplay,RU
1976065,tt0388473,Однажды в Токио,imdbDisplay,RU
1828064,tt0340377,Станционный смотритель,imdbDisplay,RU
1839117,tt0344510,Долгая помолвка,imdbDisplay,RU
1844551,tt0346336,Лучшие из молодых,imdbDisplay,RU
1846716,tt0347048,Головой о стену,imdbDisplay,RU
1847097,tt0347149,Ходячий замок,imdbDisplay,RU
1847553,tt0347304,Наступит завтра или нет?,imdbDisplay,RU
1797672,tt0330373,Гарри Поттер и кубок огня,imdbDisplay,RU
1856558,tt0350258,Рэй,imdbDisplay,RU
1746532,tt0314331,Реальная любовь,imdbDisplay,RU
1738545,tt0312004,Уоллес и Громит: Проклятие кролика-оборотня,imdbDisplay,RU
1600558,tt0270053,Bизoнтеле,imdbDisplay,RU
1604858,tt0271383,Ауто о сострадании,imdbDisplay,RU
1614651,tt0274558,Часы,imdbDisplay,RU
1617080,tt0275277,Ковбой Бибоп,imdbDisplay,RU
1622109,tt0276919,Догвилль,imdbDisplay,RU
1622451,tt0277027,Я Сэм,imdbDisplay,RU
1644554,tt0283509,Ничья земля,imdbDisplay,RU
1654821,tt0286244,Трио из Бельвилля,imdbDisplay,RU
1659331,tt0287467,Поговори с ней,imdbDisplay,RU
1665088,tt0289043,28 дней спустя,imdbDisplay,RU
1668041,tt0289879,Эффект бабочки,imdbDisplay,RU
1668391,tt0289992,Жизнь Дэвида Гейла,imdbDisplay,RU
1745596,tt0314067,Филантропия,imdbDisplay,RU
1669707,tt0290334,Люди Икс 2,imdbDisplay,RU
1676848,tt0292490,Любящие сердца,imdbDisplay,RU
1681144,tt0293715,Дрянная девчонка,imdbDisplay,RU
1686447,tt0295297,Гарри Поттер и тайная комната,imdbDisplay,RU
1697942,tt0298845,В Америке,imdbDisplay,RU
1701294,tt0299977,Герой,imdbDisplay,RU
1701895,tt0300140,Лиля навсегда,imdbDisplay,RU
1705528,tt0301357,"Гудбай, Ленин!",imdbDisplay,RU
1714074,tt0304141,Гарри Поттер и узник Азкабана,imdbDisplay,RU
1725604,tt0307901,25-й час,imdbDisplay,RU
1728054,tt0308644,Волшебная страна,imdbDisplay,RU
1734681,tt0310793,Боулинг для Колумбины,imdbDisplay,RU
1735792,tt0311113,Хозяин морей: На краю Земли,imdbDisplay,RU
1673222,tt0291350,Актриса тысячелетия,imdbDisplay,RU
1860796,tt0351817,Сумеречный самурай,imdbDisplay,RU
1822726,tt0338751,Авиатор,imdbDisplay,RU
1862057,tt0352248,Нокдаун,imdbDisplay,RU
1925952,tt0372784,Бэтмен: Начало,imdbDisplay,RU
1926125,tt0372824,Хористы,imdbDisplay,RU
1926985,tt0373074,Разборки в стиле Кунг-фу,imdbDisplay,RU
1928112,tt0373469,Поцелуй навылет,imdbDisplay,RU
1929507,tt0373889,Гарри Поттер и Орден Феникса,imdbDisplay,RU
1932024,tt0374546,"Весна, лето, осень, зима... и снова весна",imdbDisplay,RU
1933601,tt0375063,На обочине,imdbDisplay,RU
1935245,tt0375611,Последняя надежда,imdbDisplay,RU
1935467,tt0375679,Столкновение,imdbDisplay,RU
1936866,tt0376127,Незнакомец,imdbDisplay,RU
1939438,tt0376968,Возвращение,imdbDisplay,RU
1943592,tt0378194,Убить Билла 2,imdbDisplay,RU
1924088,tt0372183,Превосходство Борна,imdbDisplay,RU
1946730,tt0379225,Корпорация,imdbDisplay,RU
1948565,tt0379786,Миссия «Серенити»,imdbDisplay,RU
1952607,tt0381061,Казино Рояль,imdbDisplay,RU
1954419,tt0381681,Перед закатом,imdbDisplay,RU
1955108,tt0381849,Поезд на Юму,imdbDisplay,RU
1958737,tt0382932,Рататуй,imdbDisplay,RU
1959183,tt0383028,"Нью-Йорк, Нью-Йорк",imdbDisplay,RU
1960928,tt0383574,Пираты Карибского моря: Сундук мертвеца,imdbDisplay,RU
1961685,tt0383846,"Когда я вырасту, я стану кенгуру",imdbDisplay,RU
1962213,tt0384116,Космический элемент: Эпизод X,imdbDisplay,RU
1964690,tt0385004,Дом летающих кинжалов,imdbDisplay,RU
1967985,tt0386032,Здравозахоронение,imdbDisplay,RU
1968089,tt0386064,38-я пaраллель,imdbDisplay,RU
1947758,tt0379557,Касаясь пустоты,imdbDisplay,RU
1922766,tt0371746,Железный человек,imdbDisplay,RU
1933088,tt0374887,Братан Мунна: Продавец счастья,imdbDisplay,RU
1894463,tt0363163,Бункер,imdbDisplay,RU
1920483,tt0370986,Загадочная кожа,imdbDisplay,RU
1866903,tt0353969,Воспоминания об убийстве,imdbDisplay,RU
1879615,tt0358273,Переступить черту,imdbDisplay,RU
1880204,tt0358456,Земляне,imdbDisplay,RU
1916943,tt0369702,Море внутри,imdbDisplay,RU
1889316,tt0361596,Фаренгейт 9/11,imdbDisplay,RU
1903211,tt0365748,Зомби по имени Шон,imdbDisplay,RU
1891558,tt0362227,Терминал,imdbDisplay,RU
1889900,tt0361748,Бесславные ублюдки,imdbDisplay,RU
1908047,tt0367110,Возвращение на Родину,imdbDisplay,RU
1890283,tt0361862,Машинист,imdbDisplay,RU
1899118,tt0364569,Олдбой,imdbDisplay,RU
1915784,tt0369339,Соучастник,imdbDisplay,RU
1909443,tt0367495,Любовь - Бог,imdbDisplay,RU
882725,tt0099810,Охота за «Красным Октябрем»,video,RU
874871,tt0099077,Awakenings,imdbDisplay,US
13004674,tt13391710,Jana Gana Mana,imdbDisplay,US
12688487,tt1327035,Dev.D,imdbDisplay,US
12609485,tt13238346,Past Lives,imdbDisplay,US
12605793,tt1323594,Despicable Me,imdbDisplay,US
12471836,tt1318514,Rise of the Planet of the Apes,imdbDisplay,US
12397863,tt1315981,A Single Man,imdbDisplay,US
12321566,tt1313104,The Cove,imdbDisplay,US
12157765,tt1306980,50/50,imdbDisplay,US
12124771,tt1305806,The Secret in Their Eyes,imdbDisplay,US
12030441,tt1302006,The Irishman,imdbDisplay,US
11744149,tt1291584,Warrior,imdbDisplay,US
11665884,tt12888462,My Octopus Teacher,imdbDisplay,US
11606901,tt1286537,"Food, Inc.",imdbDisplay,US
11565132,tt1285016,The Social Network,imdbDisplay,US
11444106,tt1280558,A Wednesday,imdbDisplay,US
13183860,tt1345836,The Dark Knight Rises,imdbDisplay,US
11376708,tt1277737,The Stoning of Soraya M.,imdbDisplay,US
13570063,tt1360860,About Elly,imdbDisplay,US
13712364,tt13664684,Karthikeya 2,imdbDisplay,US
15376937,tt14331144,Jujutsu Kaisen 0,imdbDisplay,US
15325304,tt1431045,Deadpool,imdbDisplay,US
15154211,tt1424432,Senna,imdbDisplay,US
15118836,tt14230458,Poor Things,imdbDisplay,US
15068973,tt14208870,The Fabelmans,imdbDisplay,US
14931804,tt14152756,Seaspiracy,imdbDisplay,US
14748913,tt1408101,Star Trek Into Darkness,imdbDisplay,US
14639391,tt1403865,True Grit,imdbDisplay,US
14510739,tt1398426,Straight Outta Compton,imdbDisplay,US
14348145,tt1392214,Prisoners,imdbDisplay,US
14347233,tt1392190,Mad Max: Fury Road,imdbDisplay,US
14212269,tt1386932,Ip Man 2,imdbDisplay,US
14118273,tt13833688,The Whale,imdbDisplay,US
13922233,tt1375666,Inception,imdbDisplay,US
13822859,tt1371111,Cloud Atlas,imdbDisplay,US
13674870,tt1365050,Beasts of No Nation,imdbDisplay,US
11335752,tt1276104,Looper,imdbDisplay,US
11196630,tt1270798,X-Men: First Class,imdbDisplay,US
10825007,tt1255953,Incendies,imdbDisplay,US
9002200,tt1185616,Waltz with Bashir,imdbDisplay,US
8907903,tt1182345,Moon,imdbDisplay,US
8881462,tt11813216,The Banshees of Inisherin,imdbDisplay,US
8861249,tt1180583,Vaaranam Aayiram,imdbDisplay,US
8590338,tt1170358,The Hobbit: The Desolation of Smaug Extended Edition,imdbDisplay,US
8324775,tt1160419,Dune,imdbDisplay,US
8261921,tt11581174,Karnan,imdbDisplay,US
8261078,tt11580854,Sarpatta Parambarai,imdbDisplay,US
8219278,tt1156398,Zombieland,imdbDisplay,US
8197293,tt1155592,Man on Wire,imdbDisplay,US
8195716,tt11555492,Farha,imdbDisplay,US
8110132,tt1152758,Dear Zachary: A Letter to a Son About His Father,imdbDisplay,US
8006651,tt1149362,The White Ribbon,imdbDisplay,US
7924540,tt11464826,The Social Dilemma,imdbDisplay,US
9039250,tt1187043,3 Idiots,imdbDisplay,US
9091454,tt1188996,My Name Is Khan,imdbDisplay,US
9092335,tt1189073,The Skin I Live In,imdbDisplay,US
9133069,tt1190539,The Chaser,imdbDisplay,US
10689213,tt1250777,Kick-Ass,imdbDisplay,US
10464811,tt1242460,We Need to Talk About Kevin,imdbDisplay,US
10463639,tt1242422,Cell 211,imdbDisplay,US
10307064,tt12361974,Zack Snyder's Justice League,imdbDisplay,US
10304381,tt12361178,Drishyam 2,imdbDisplay,US
10138722,tt1229238,Mission: Impossible - Ghost Protocol,imdbDisplay,US
10061949,tt12262116,Thirteen Lives,imdbDisplay,US
15922938,tt1454029,The Help,imdbDisplay,US
9921986,tt1220719,Ip Man,imdbDisplay,US
9821177,tt1216496,Mother,imdbDisplay,US
9700965,tt1211837,Doctor Strange,imdbDisplay,US
9656602,tt1210166,Moneyball,imdbDisplay,US
9532266,tt1205489,Gran Torino,imdbDisplay,US
9428479,tt1201607,Harry Potter and the Deathly Hallows: Part 2,imdbDisplay,US
9321112,tt1197624,Law Abiding Citizen,imdbDisplay,US
9200169,tt1193138,Up in the Air,imdbDisplay,US
9888613,tt1219289,Limitless,imdbDisplay,US
15936878,tt1454468,Gravity,imdbDisplay,US
16021871,tt1457767,The Conjuring,imdbDisplay,US
16215769,tt1465522,Tucker and Dale vs Evil,imdbDisplay,US
21389516,tt1754656,The Little Prince,imdbDisplay,US
21269287,tt1748122,Moonrise Kingdom,imdbDisplay,US
21260720,tt1745960,Top Gun: Maverick,imdbDisplay,US
21134398,tt17279496,Civil War,imdbDisplay,US
21131789,tt1727824,Bohemian Rhapsody,imdbDisplay,US
20997302,tt1707386,Les Misérables,imdbDisplay,US
20905696,tt1702014,The Way He Looks,imdbDisplay,US
20888461,tt17009710,Anatomy of a Fall,imdbDisplay,US
20696165,tt1683526,Detachment,imdbDisplay,US
20661876,tt1677720,Ready Player One,imdbDisplay,US
20620114,tt1675434,The Intouchables,imdbDisplay,US
20605291,tt16747572,The Silence of Swastika,imdbDisplay,US
20491938,tt1663202,The Revenant,imdbDisplay,US
20445610,tt1659337,The Perks of Being a Wallflower,imdbDisplay,US
20411313,tt1655442,The Artist,imdbDisplay,US
21406591,tt17592606,Daman,imdbDisplay,US
21499594,tt1772341,Wreck-It Ralph,imdbDisplay,US
21501739,tt1772925,Jiro Dreams of Sushi,imdbDisplay,US
21545272,tt1781069,Zeitgeist: Moving Forward,imdbDisplay,US
22623165,tt1899353,The Raid: Redemption,imdbDisplay,US
22576586,tt1895587,Spotlight,imdbDisplay,US
22415038,tt1877832,X-Men: Days of Future Past,imdbDisplay,US
22414986,tt1877830,The Batman,imdbDisplay,US
22313747,tt1865505,Song of the Sea,imdbDisplay,US
22235458,tt1856101,Blade Runner 2049,imdbDisplay,US
22214400,tt1855199,End of Watch,imdbDisplay,US
20347204,tt1649419,The Impossible,imdbDisplay,US
22196949,tt1853728,Django Unchained,imdbDisplay,US
22096148,tt1839596,Rockstar,imdbDisplay,US
21986409,tt1832382,A Separation,imdbDisplay,US
21892844,tt1827487,Once Upon a Time in Anatolia,imdbDisplay,US
21786249,tt1821549,Nebraska,imdbDisplay,US
21785899,tt1821480,Kahaani,imdbDisplay,US
21633733,tt1798709,Her,imdbDisplay,US
21600645,tt1790885,Zero Dark Thirty,imdbDisplay,US
22127697,tt1843866,Captain America: The Winter Soldier,imdbDisplay,US
7738959,tt1139797,Let the Right One In,imdbDisplay,US
20344104,tt16492678,Demon Slayer: Kimetsu no Yaiba - Tsuzumi Mansion Arc,imdbDisplay,US
20295963,tt1645089,Inside Job,imdbDisplay,US
18142048,tt15398776,Oppenheimer,imdbDisplay,US
18021894,tt1535109,Captain Phillips,imdbDisplay,US
17958886,tt15327088,Kantara,imdbDisplay,US
17830026,tt1527788,The Man from Nowhere,imdbDisplay,US
17726546,tt15239678,Dune: Part Two,imdbDisplay,US
17556402,tt1517451,A Star Is Born,imdbDisplay,US
17498398,tt1515091,Sherlock Holmes: A Game of Shadows,imdbDisplay,US
17357391,tt15097216,Jai Bhim,imdbDisplay,US
17219886,tt1504320,The King's Speech,imdbDisplay,US
17104147,tt1499666,Castaway on the Moon,imdbDisplay,US
16848917,tt1490017,The Lego Movie,imdbDisplay,US
16816001,tt14888874,Demon Slayer: Kimetsu no Yaiba - Mt. Natagumo Arc,imdbDisplay,US
16807476,tt1488589,Guillermo del Toro's Pinocchio,imdbDisplay,US
16727471,tt1485796,The Greatest Showman,imdbDisplay,US
16707161,tt14849194,The Holdovers,imdbDisplay,US
18203709,tt1542344,127 Hours,imdbDisplay,US
18230763,tt15433956,Hanu Man,imdbDisplay,US
18404070,tt15501640,Drishyam 2,imdbDisplay,US
18526727,tt1555149,Elite Squad 2: The Enemy Within,imdbDisplay,US
20160070,tt1639426,Udaan,imdbDisplay,US
19933785,tt1631867,Edge of Tomorrow,imdbDisplay,US
19879520,tt1630029,Avatar: The Way of Water,imdbDisplay,US
19822368,tt16277242,Society of the Snow,imdbDisplay,US
19557145,tt1614989,Headhunters,imdbDisplay,US
19438433,tt1605783,Midnight in Paris,imdbDisplay,US
19405793,tt1602620,Amour,imdbDisplay,US
20318176,tt1646971,How to Train Your Dragon 2,imdbDisplay,US
19331264,tt1596363,The Big Short,imdbDisplay,US
19260751,tt1590089,Confessions,imdbDisplay,US
19228381,tt1588170,I Saw the Devil,imdbDisplay,US
19217378,tt1587707,Exit Through the Gift Shop,imdbDisplay,US
18822189,tt1570728,"Crazy, Stupid, Love.",imdbDisplay,US
18781289,tt1568921,The Secret World of Arrietty,imdbDisplay,US
18766687,tt1568346,The Girl with the Dragon Tattoo,imdbDisplay,US
18664883,tt1562872,Zindagi Na Milegi Dobara,imdbDisplay,US
7696857,tt11382384,The Dissident,imdbDisplay,US
7653576,tt1136608,District 9,imdbDisplay,US
7543264,tt1132620,The Girl with the Dragon Tattoo,imdbDisplay,US
2213408,tt0467406,Juno,imdbDisplay,US
2203576,tt0463998,Freedom Writers,imdbDisplay,US
2198497,tt0462322,Grindhouse,imdbDisplay,US
2193661,tt0460791,The Fall,imdbDisplay,US
2184174,tt0457655,After the Wedding,imdbDisplay,US
2183272,tt0457430,Pan's Labyrinth,imdbDisplay,US
2179545,tt0456144,Lage Raho Munna Bhai,imdbDisplay,US
2177520,tt0455590,The Last King of Scotland,imdbDisplay,US
2175157,tt0454921,The Pursuit of Happyness,imdbDisplay,US
2174898,tt0454876,Life of Pi,imdbDisplay,US
2174742,tt0454848,Inside Man,imdbDisplay,US
2171801,tt0453729,Iqbal,imdbDisplay,US
2171395,tt0453562,42,imdbDisplay,US
2168203,tt0452623,Gone Baby Gone,imdbDisplay,US
2163694,tt0451094,Lady Vengeance,imdbDisplay,US
2216370,tt0468569,The Dark Knight,imdbDisplay,US
2218972,tt0469494,There Will Be Blood,imdbDisplay,US
2222789,tt0470752,Ex Machina,imdbDisplay,US
2226442,tt0472043,Apocalypto,imdbDisplay,US
3203452,tt0780536,In Bruges,imdbDisplay,US
3203137,tt0780504,Drive,imdbDisplay,US
3173069,tt0770802,Samsara,imdbDisplay,US
3155140,tt0765443,Eastern Promises,imdbDisplay,US
3154996,tt0765429,American Gangster,imdbDisplay,US
3133561,tt0758758,Into the Wild,imdbDisplay,US
3127377,tt0756683,The Man from Earth,imdbDisplay,US
2160976,tt0450259,Blood Diamond,imdbDisplay,US
2305330,tt0499549,Avatar,imdbDisplay,US
2269131,tt0486655,Stardust,imdbDisplay,US
2266869,tt0485947,Mr. Nobody,imdbDisplay,US
2257680,tt0482571,The Prestige,imdbDisplay,US
2250229,tt0480025,This Is England,imdbDisplay,US
2241909,tt0477348,No Country for Old Men,imdbDisplay,US
2239904,tt0476735,My Father and My Son,imdbDisplay,US
2235555,tt0475276,United 93,imdbDisplay,US
2301931,tt0498380,Letters from Iwo Jima,imdbDisplay,US
3213015,tt0783233,Atonement,imdbDisplay,US
2160696,tt0450188,La Vie En Rose,imdbDisplay,US
2157289,tt0449059,Little Miss Sunshine,imdbDisplay,US
2069094,tt0419887,The Kite Runner,imdbDisplay,US
2061962,tt0417741,Harry Potter and the Half-Blood Prince,imdbDisplay,US
2057866,tt0416449,300,imdbDisplay,US
2057377,tt0416320,Match Point,imdbDisplay,US
2051280,tt0414387,Pride & Prejudice,imdbDisplay,US
2044388,tt0412080,The World's Fastest Indian,imdbDisplay,US
2036388,tt0409459,Watchmen,imdbDisplay,US
2034011,tt0408664,Nobody Knows,imdbDisplay,US
2032923,tt0408306,Munich,imdbDisplay,US
2031673,tt0407887,The Departed,imdbDisplay,US
2023565,tt0405159,Million Dollar Baby,imdbDisplay,US
2023319,tt0405094,The Lives of Others,imdbDisplay,US
2020872,tt0404203,Little Children,imdbDisplay,US
2013576,tt0401792,Sin City,imdbDisplay,US
2009034,tt0400234,Black Friday,imdbDisplay,US
2070281,tt0420223,Stranger Than Fiction,imdbDisplay,US
2073268,tt0421082,Control,imdbDisplay,US
2075279,tt0421715,The Curious Case of Benjamin Button,imdbDisplay,US
2077043,tt0422320,Ghilli,imdbDisplay,US
2148574,tt0446059,Fearless,imdbDisplay,US
2141782,tt0443706,Zodiac,imdbDisplay,US
2141006,tt0443543,The Illusionist,imdbDisplay,US
2140450,tt0443453,Borat,imdbDisplay,US
2135571,tt0441773,Kung Fu Panda,imdbDisplay,US
2133357,tt0440963,The Bourne Ultimatum,imdbDisplay,US
2118315,tt0435761,Toy Story 3,imdbDisplay,US
2158612,tt0449467,Babel,imdbDisplay,US
2114109,tt0434409,V for Vendetta,imdbDisplay,US
2094788,tt0427944,Thank You for Smoking,imdbDisplay,US
2092816,tt0427312,Grizzly Man,imdbDisplay,US
2086773,tt0425333,Pardon,imdbDisplay,US
2086309,tt0425210,Lucky Number Slevin,imdbDisplay,US
2085819,tt0425112,Hot Fuzz,imdbDisplay,US
2082894,tt0424227,Turtles Can Fly,imdbDisplay,US
2081688,tt0423866,3-Iron,imdbDisplay,US
2107640,tt0432283,Fantastic Mr. Fox,imdbDisplay,US
22826090,tt1924396,The Best Offer,imdbDisplay,US
3235538,tt0790636,Dallas Buyers Club,imdbDisplay,US
3295024,tt0808417,Persepolis,imdbDisplay,US
5121598,tt10431500,Miracle in Cell No. 7,imdbDisplay,US
4955924,tt10370710,The Worst Person in the World,imdbDisplay,US
4946674,tt10366460,CODA,imdbDisplay,US
4946213,tt10366206,John Wick: Chapter 4,imdbDisplay,US
4846392,tt1032846,"4 Months, 3 Weeks and 2 Days",imdbDisplay,US
4833226,tt10324144,Article 15,imdbDisplay,US
4755139,tt10295212,Shershaah,imdbDisplay,US
4737945,tt10288566,Another Round,imdbDisplay,US
4727402,tt1028532,Hachi: A Dog's Tale,imdbDisplay,US
4713278,tt10280296,Sardar Udham,imdbDisplay,US
4693217,tt10272386,The Father,imdbDisplay,US
4629183,tt1024648,Argo,imdbDisplay,US
4573719,tt1022603,500 Days of Summer,imdbDisplay,US
4543247,tt10214826,Agent Sai Srinivasa Athreya,imdbDisplay,US
4502307,tt1020072,Selma,imdbDisplay,US
5188449,tt1045658,Silver Linings Playbook,imdbDisplay,US
5283379,tt1049413,Up,imdbDisplay,US
5392954,tt10534500,#Home,imdbDisplay,US
5446113,tt10554232,Dara of Jasenovac,imdbDisplay,US
7496483,tt1130884,Shutter Island,imdbDisplay,US
7357330,tt1125849,The Wrestler,imdbDisplay,US
7200581,tt1119646,The Hangover,imdbDisplay,US
6746741,tt11032374,Demon Slayer: Kimetsu no Yaiba - The Movie: Mugen Train,imdbDisplay,US
6449329,tt1091191,Lone Survivor,imdbDisplay,US
6403189,tt10895576,Madre sustituta,imdbDisplay,US
4471402,tt10189514,Soorarai Pottru,imdbDisplay,US
6337544,tt10872600,Spider-Man: No Way Home,imdbDisplay,US
6165918,tt10811166,The Kashmir Files,imdbDisplay,US
5996996,tt1074638,Skyfall,imdbDisplay,US
5885743,tt1070874,The Trial of the Chicago 7,imdbDisplay,US
5854122,tt10698680,K.G.F: Chapter 2,imdbDisplay,US
5834206,tt1069238,Departures,imdbDisplay,US
5719081,tt1065073,Boyhood,imdbDisplay,US
5678066,tt1063669,The Wave,imdbDisplay,US
6328594,tt10869778,Maidaan,imdbDisplay,US
3254649,tt0796366,Star Trek,imdbDisplay,US
4395600,tt1016150,All Quiet on the Western Front,imdbDisplay,US
4331180,tt1013753,Milk,imdbDisplay,US
3516534,tt0876563,Ponyo,imdbDisplay,US
3492459,tt0870111,Frost/Nixon,imdbDisplay,US
3460921,tt0860906,Evangelion: 2.0 You Can (Not) Advance,imdbDisplay,US
3427353,tt0851578,Paprika,imdbDisplay,US
3417535,tt0848228,The Avengers,imdbDisplay,US
3394728,tt0840361,The Town,imdbDisplay,US
3361701,tt0829482,Superbad,imdbDisplay,US
3349288,tt0825232,The Bucket List,imdbDisplay,US
3347315,tt0824747,Changeling,imdbDisplay,US
3324261,tt0817177,Flipped,imdbDisplay,US
3322355,tt0816692,Interstellar,imdbDisplay,US
48019645,tt9851854,Major,imdbDisplay,US
3317966,tt0815241,Religulous,imdbDisplay,US
3315425,tt0814314,Seven Pounds,imdbDisplay,US
3295316,tt0808506,The Girl Who Leapt Through Time,imdbDisplay,US
3524564,tt0878804,The Blind Side,imdbDisplay,US
3556635,tt0887912,The Hurt Locker,imdbDisplay,US
3573304,tt0892769,How to Train Your Dragon,imdbDisplay,US
3616743,tt0903624,The Hobbit: An Unexpected Journey,imdbDisplay,US
4235102,tt1010048,Slumdog Millionaire,imdbDisplay,US
4187942,tt10083340,Gangubai Kathiawadi,imdbDisplay,US
3934764,tt0993846,The Wolf of Wall Street,imdbDisplay,US
3916790,tt0988045,Sherlock Holmes,imdbDisplay,US
3911730,tt0986264,Like Stars on Earth,imdbDisplay,US
3885747,tt0978762,Mary and Max,imdbDisplay,US
3877389,tt0976051,The Reader,imdbDisplay,US
4359994,tt1014762,Home,imdbDisplay,US
3856258,tt0970179,Hugo,imdbDisplay,US
3782432,tt0947798,Black Swan,imdbDisplay,US
3772955,tt0945513,Source Code,imdbDisplay,US
3737642,tt0936501,Taken,imdbDisplay,US
3705289,tt0926084,Harry Potter and the Deathly Hallows: Part 1,imdbDisplay,US
3682546,tt0918927,Doubt,imdbDisplay,US
3645233,tt0910970,WALL·E,imdbDisplay,US
3631860,tt0907657,Once,imdbDisplay,US
3835080,tt0964517,The Fighter,imdbDisplay,US
22898494,tt1935156,Jodorowsky's Dune,imdbDisplay,US
22944768,tt1937149,The Body,imdbDisplay,US
23100830,tt1950186,Ford v Ferrari,imdbDisplay,US
39736060,tt5649144,The Florida Project,imdbDisplay,US
39624654,tt5580036,"I, Tonya",imdbDisplay,US
39611897,tt5571734,Pink,imdbDisplay,US
39546364,tt5537002,Killers of the Flower Moon,imdbDisplay,US
39433626,tt5463162,Deadpool 2,imdbDisplay,US
39432602,tt5462602,The Big Sick,imdbDisplay,US
39431714,tt5461944,Hotel Mumbai,imdbDisplay,US
39429785,tt5460658,Life and a Day,imdbDisplay,US
39191304,tt5363618,Sound of Metal,imdbDisplay,US
39190614,tt5362988,Wind River,imdbDisplay,US
39177375,tt5354160,Mirror Game,imdbDisplay,US
39112643,tt5311514,Your Name.,imdbDisplay,US
39052902,tt5275892,O.J.: Made in America,imdbDisplay,US
38933055,tt5198068,Wolfwalkers,imdbDisplay,US
38914328,tt5186714,The Salesman,imdbDisplay,US
39822144,tt5700672,Train to Busan,imdbDisplay,US
39861760,tt5726616,Call Me by Your Name,imdbDisplay,US
39862430,tt5727208,Uncut Gems,imdbDisplay,US
39920030,tt5764096,Hindi Medium,imdbDisplay,US
41119494,tt6499752,Upgrade,imdbDisplay,US
41032070,tt6452574,Sanju,imdbDisplay,US
40851382,tt6333060,Icarus,imdbDisplay,US
40830084,tt6320628,Spider-Man: Far from Home,imdbDisplay,US
40823838,tt6316138,Ayla: The Daughter of War,imdbDisplay,US
40556989,tt6155172,Roma,imdbDisplay,US
40547319,tt6148156,Vikram Vedha,imdbDisplay,US
38888250,tt5168192,"I, Daniel Blake",imdbDisplay,US
40544786,tt6146586,John Wick: Chapter 3 - Parabellum,imdbDisplay,US
40333990,tt6019206,Kill Bill: The Whole Bloody Affair,imdbDisplay,US
40241300,tt5959980,Vada Chennai,imdbDisplay,US
40188438,tt5929776,Before the Flood,imdbDisplay,US
40131784,tt5895028,13th,imdbDisplay,US
40089603,tt5867800,Aruvi,imdbDisplay,US
40000133,tt5813916,The Mountain II,imdbDisplay,US
39986246,tt5804038,I Am Not Your Negro,imdbDisplay,US
40477470,tt6108090,Secret Superstar,imdbDisplay,US
41283461,tt6587046,The Boy and the Heron,imdbDisplay,US
38882044,tt5164432,"Love, Simon",imdbDisplay,US
38790286,tt5104604,Isle of Dogs,imdbDisplay,US
38094961,tt4729430,Klaus,imdbDisplay,US
38041135,tt4698684,Hunt for the Wilderpeople,imdbDisplay,US
38010634,tt4679210,Premam,imdbDisplay,US
37926335,tt4633694,Spider-Man: Into the Spider-Verse,imdbDisplay,US
37825673,tt4573394,Endless Corridor,imdbDisplay,US
37786275,tt4550098,Nocturnal Animals,imdbDisplay,US
37772097,tt4540710,Miss Sloane,imdbDisplay,US
37673893,tt4481414,Gifted,imdbDisplay,US
37649869,tt4468740,Paddington 2,imdbDisplay,US
37585208,tt4430212,Drishyam,imdbDisplay,US
37576927,tt4425200,John Wick: Chapter 2,imdbDisplay,US
37494117,tt4387040,Airlift,imdbDisplay,US
37452387,tt4364194,The Peanut Butter Falcon,imdbDisplay,US
37384188,tt4330758,Black Hawk Down,imdbDisplay,US
38322434,tt4846340,Hidden Figures,imdbDisplay,US
38327192,tt4849438,Baahubali 2: The Conclusion,imdbDisplay,US
38338925,tt4857264,The Invisible Guest,imdbDisplay,US
38367120,tt4873118,Guy Ritchie's the Covenant,imdbDisplay,US
38752341,tt5083738,The Favourite,imdbDisplay,US
38736504,tt5074352,Dangal,imdbDisplay,US
38690664,tt5052448,Get Out,imdbDisplay,US
38648428,tt5027774,"Three Billboards Outside Ebbing, Missouri",imdbDisplay,US
38619913,tt5013056,Dunkirk,imdbDisplay,US
38573392,tt4991384,Visaaranai,imdbDisplay,US
38561883,tt4987556,Thani Oruvan,imdbDisplay,US
38812556,tt5116302,Togo,imdbDisplay,US
38554856,tt4983780,Maanaadu,imdbDisplay,US
38541804,tt4975722,Moonlight,imdbDisplay,US
38475375,tt4934950,Talvar,imdbDisplay,US
38460591,tt4925292,Lady Bird,imdbDisplay,US
38447834,tt4916630,Just Mercy,imdbDisplay,US
38441004,tt4912910,Mission: Impossible - Fallout,imdbDisplay,US
38434987,tt4908644,Winter on Fire: Ukraine's Fight for Freedom,imdbDisplay,US
38419505,tt4901306,Perfect Strangers,imdbDisplay,US
38552189,tt4981966,24,imdbDisplay,US
37336214,tt4302938,Kubo and the Two Strings,imdbDisplay,US
41364230,tt6628102,The Wild Pear Tree,imdbDisplay,US
41516980,tt6710474,Everything Everywhere All at Once,imdbDisplay,US
45497334,tt8737152,Toma,imdbDisplay,US
45461371,tt8721424,"tick, tick... BOOM!",imdbDisplay,US
45275263,tt8633462,"Quo Vadis, Aida?",imdbDisplay,US
45242494,tt8613070,Portrait of a Lady on Fire,imdbDisplay,US
45180803,tt8579674,1917,imdbDisplay,US
45011086,tt8503618,Hamilton,imdbDisplay,US
44819692,tt8413338,Kumbalangi Nights,imdbDisplay,US
44800512,tt8404614,The Two Popes,imdbDisplay,US
44718860,tt8367814,The Gentlemen,imdbDisplay,US
44556988,tt8291224,Uri: The Surgical Strike,imdbDisplay,US
44506781,tt8267604,Capernaum,imdbDisplay,US
44448225,tt8239946,Tumbbad,imdbDisplay,US
44313741,tt8178634,RRR,imdbDisplay,US
44306613,tt8176054,Pariyerum Perumal,imdbDisplay,US
44234909,tt8144834,Section 375,imdbDisplay,US
45546347,tt8760684,Apollo 11,imdbDisplay,US
45956443,tt8946378,Knives Out,imdbDisplay,US
45960880,tt8948790,Jersey,imdbDisplay,US
46059535,tt8991268,Honeyland,imdbDisplay,US
47569649,tt9660502,Close,imdbDisplay,US
47470497,tt9620292,Promising Young Woman,imdbDisplay,US
47470428,tt9620288,King Richard,imdbDisplay,US
47465152,tt9617456,For Sama,imdbDisplay,US
47434051,tt9603212,Mission: Impossible - Dead Reckoning Part One,imdbDisplay,US
47209765,tt9500372,Pocket Hercules: Naim Süleymanoglu,imdbDisplay,US
47154938,tt9477520,Asuran,imdbDisplay,US
44162778,tt8110330,Dil Bechara,imdbDisplay,US
46945523,tt9389998,Pushpa: The Rise - Part 1,imdbDisplay,US
46885810,tt9362722,Spider-Man: Across the Spider-Verse,imdbDisplay,US
46653485,tt9263550,Rocketry: The Nambi Effect,imdbDisplay,US
46458702,tt9179430,Vikram,imdbDisplay,US
46270014,tt9098872,The Rescue,imdbDisplay,US
46215460,tt9071322,Dark Waters,imdbDisplay,US
46182497,tt9052870,Chhichhore,imdbDisplay,US
46094397,tt9006564,2018,imdbDisplay,US
46918227,tt9376612,Shang-Chi and the Legend of the Ten Rings,imdbDisplay,US
41395096,tt6644200,A Quiet Place,imdbDisplay,US
44156611,tt8108268,The Tashkent Files,imdbDisplay,US
44087549,tt8075192,Shoplifters,imdbDisplay,US
42598251,tt7286456,Joker,imdbDisplay,US
42561795,tt7268738,Rayo Murali,imdbDisplay,US
42499654,tt7236034,I Want to Eat Your Pancreas,imdbDisplay,US
42465804,tt7218518,Pad Man,imdbDisplay,US
42346671,tt7160372,The Zone of Interest,imdbDisplay,US
42292075,tt7131622,Once Upon a Time... in Hollywood,imdbDisplay,US
42138704,tt7060460,Theeran Adhigaram Ondru,imdbDisplay,US
42138500,tt7060344,Raatchasan,imdbDisplay,US
42060278,tt7019942,Super Deluxe,imdbDisplay,US
42060182,tt7019842,96,imdbDisplay,US
41967469,tt6966692,Green Book,imdbDisplay,US
41803257,tt6878038,A Taxi Driver,imdbDisplay,US
41651036,tt6791350,Guardians of the Galaxy Vol. 3,imdbDisplay,US
41597040,tt6751668,Parasite,imdbDisplay,US
42598992,tt7286916,The Dawn Wall,imdbDisplay,US
42613609,tt7294534,Arjun Reddy,imdbDisplay,US
42717916,tt7349662,BlacKkKlansman,imdbDisplay,US
42789684,tt7392212,Rangasthalam 1985,imdbDisplay,US
43885469,tt7979580,The Mitchells vs. the Machines,imdbDisplay,US
43745321,tt7905466,They Shall Not Grow Old,imdbDisplay,US
43713168,tt7888964,Nobody,imdbDisplay,US
43617498,tt7838252,K.G.F: Chapter 1,imdbDisplay,US
43485025,tt7775622,Free Solo,imdbDisplay,US
43404452,tt7738784,Peranbu,imdbDisplay,US
44156397,tt8108198,Andhadhun,imdbDisplay,US
43381110,tt7725596,Badhaai Ho,imdbDisplay,US
43273007,tt7668870,Searching,imdbDisplay,US
43244963,tt7653254,Marriage Story,imdbDisplay,US
43144066,tt7599146,Sound of Freedom,imdbDisplay,US
42945423,tt7485048,Super 30,imdbDisplay,US
42915233,tt7466810,777 Charlie,imdbDisplay,US
42913823,tt7465992,Mahanati,imdbDisplay,US
42812952,tt7405458,A Man Called Otto,imdbDisplay,US
43297861,tt7681902,Won't You Be My Neighbor?,imdbDisplay,US
2006511,tt0399295,Lord of War,imdbDisplay,US
37248091,tt4257858,Going Clear: Scientology & the Prison of Belief,imdbDisplay,US
37095377,tt4169250,M.S. Dhoni: The Untold Story,imdbDisplay,US
27495689,tt2377938,Special 26,imdbDisplay,US
27463989,tt2375605,The Act of Killing,imdbDisplay,US
27463824,tt2375559,1: Nenokkadine,imdbDisplay,US
27399588,tt2370248,Short Term 12,imdbDisplay,US
27312288,tt2358891,The Great Beauty,imdbDisplay,US
27310688,tt2358592,Lucia,imdbDisplay,US
27294680,tt2356180,Bhaag Milkha Bhaag,imdbDisplay,US
27257535,tt2350496,The Lunchbox,imdbDisplay,US
27163605,tt2338151,PK,imdbDisplay,US
27150366,tt2334649,Fruitvale Station,imdbDisplay,US
27119978,tt2331143,"Like Father, Like Son",imdbDisplay,US
27112376,tt23289160,Godzilla Minus One,imdbDisplay,US
27080627,tt2321405,My Life as a Zucchini,imdbDisplay,US
27058215,tt2317337,Vicky Donor,imdbDisplay,US
26984179,tt2310332,The Hobbit: The Battle of the Five Armies,imdbDisplay,US
27525324,tt2380307,Coco,imdbDisplay,US
27539265,tt2381111,Brooklyn,imdbDisplay,US
27540288,tt2381249,Mission: Impossible - Rogue Nation,imdbDisplay,US
27591572,tt23849204,12th Fail,imdbDisplay,US
28505559,tt2582496,Me and Earl and the Dying Girl,imdbDisplay,US
28474285,tt2576852,The Tale of the Princess Kaguya,imdbDisplay,US
28426867,tt2562232,Birdman or (The Unexpected Virtue of Ignorance),imdbDisplay,US
28376680,tt2545118,Blackfish,imdbDisplay,US
28362777,tt2543472,Wonder,imdbDisplay,US
28362205,tt25433734,Hi Nanna,imdbDisplay,US
26853185,tt2294629,Frozen,imdbDisplay,US
28361223,tt2543164,Arrival,imdbDisplay,US
28108328,tt2488496,Star Wars: The Force Awakens,imdbDisplay,US
27953517,tt24485052,Sirf Ek Bandaa Kaafi Hai,imdbDisplay,US
27910845,tt2431286,Philomena,imdbDisplay,US
27790180,tt24082438,20 Days in Mariupol,imdbDisplay,US
27745413,tt2404461,The Past,imdbDisplay,US
27695154,tt2397535,Predestination,imdbDisplay,US
27686856,tt2395469,Gully Boy,imdbDisplay,US
28506108,tt2582782,Hell or High Water,imdbDisplay,US
26691658,tt2278871,Blue Is the Warmest Colour,imdbDisplay,US
26593592,tt2267998,Gone Girl,imdbDisplay,US
24333158,tt2084970,The Imitation Game,imdbDisplay,US
24312045,tt2082197,Barfi!,imdbDisplay,US
24280825,tt2077886,The Phantom of the Opera at the Royal Albert Hall,imdbDisplay,US
24200386,tt2070649,Silenced,imdbDisplay,US
23844814,tt20256528,What Is a Woman?,imdbDisplay,US
23818054,tt2024544,12 Years a Slave,imdbDisplay,US
23817362,tt2024519,The Broken Circle Breakdown,imdbDisplay,US
23671992,tt2015381,Guardians of the Galaxy,imdbDisplay,US
23662802,tt2013293,The Wind Rises,imdbDisplay,US
23360505,tt1979376,Toy Story 4,imdbDisplay,US
23360273,tt1979320,Rush,imdbDisplay,US
23341956,tt19770238,Aftersun,imdbDisplay,US
23129413,tt1954470,Gangs of Wasseypur,imdbDisplay,US
23106234,tt1951264,The Hunger Games: Catching Fire,imdbDisplay,US
24335740,tt20850406,Sita Ramam,imdbDisplay,US
24466003,tt2096673,Inside Out,imdbDisplay,US
24510931,tt2103281,Dawn of the Planet of the Apes,imdbDisplay,US
24584162,tt21064584,The Iron Claw,imdbDisplay,US
26583202,tt2265171,The Raid 2,imdbDisplay,US
26488970,tt2250912,Spider-Man: Homecoming,imdbDisplay,US
26400390,tt2245084,Big Hero 6,imdbDisplay,US
26135466,tt2213054,Kai Po Che,imdbDisplay,US
26117296,tt2209418,Before Midnight,imdbDisplay,US
25855235,tt2194499,About Time,imdbDisplay,US
25670817,tt2187153,Thuppakki,imdbDisplay,US
26686975,tt2278388,The Grand Budapest Hotel,imdbDisplay,US
25570535,tt2181931,English Vinglish,imdbDisplay,US
25229762,tt2140373,Saving Mr. Banks,imdbDisplay,US
25226557,tt2140203,Wolf Children,imdbDisplay,US
24943836,tt2125608,Searching for Sugar Man,imdbDisplay,US
24807663,tt2119532,Hacksaw Ridge,imdbDisplay,US
24803944,tt21192142,All of Us Strangers,imdbDisplay,US
24584488,tt2106476,The Hunt,imdbDisplay,US
25569650,tt2181831,Shahid,imdbDisplay,US
37192966,tt4226388,Victoria,imdbDisplay,US
28506203,tt2582802,Whiplash,imdbDisplay,US
28510862,tt2584384,Jojo Rabbit,imdbDisplay,US
36203610,tt3674140,The Salt of the Earth,imdbDisplay,US
36195911,tt3668162,Bangalore Days,imdbDisplay,US
36183179,tt3659388,The Martian,imdbDisplay,US
36106464,tt3612616,Mommy,imdbDisplay,US
36096857,tt3606756,Incredibles 2,imdbDisplay,US
36017368,tt3553976,Captain Fantastic,imdbDisplay,US
36003590,tt3544112,Sing Street,imdbDisplay,US
35962140,tt3521164,Moana,imdbDisplay,US
35962097,tt3521134,The Look of Silence,imdbDisplay,US
35951583,tt3513548,Richard Jewell,imdbDisplay,US
35934860,tt3501632,Thor: Ragnarok,imdbDisplay,US
35931083,tt3498820,Captain America: Civil War,imdbDisplay,US
35871921,tt3461252,The Blue Elephant,imdbDisplay,US
35870081,tt3460252,The Hateful Eight,imdbDisplay,US
35857900,tt3450958,War for the Planet of the Apes,imdbDisplay,US
36216100,tt3682448,Bridge of Spies,imdbDisplay,US
36310696,tt3741834,Lion,imdbDisplay,US
36320966,tt3748528,Rogue One: A Star Wars Story,imdbDisplay,US
36380543,tt3783958,La La Land,imdbDisplay,US
37074047,tt4154796,Avengers: Endgame,imdbDisplay,US
37073903,tt4154756,Avengers: Infinity War,imdbDisplay,US
37045235,tt4139928,The Legend of Maula Jatt,imdbDisplay,US
36933515,tt4080728,A Man Called Ove,imdbDisplay,US
36874372,tt4044364,Citizenfour,imdbDisplay,US
36856187,tt4034228,Manchester by the Sea,imdbDisplay,US
36825359,tt4016934,The Handmaiden,imdbDisplay,US
35855359,tt3449292,Manjhi: The Mountain Man,imdbDisplay,US
36601924,tt3915174,Gato con botas: El último deseo,imdbDisplay,US
36573457,tt3896198,Guardians of the Galaxy Vol. 2,imdbDisplay,US
36565034,tt3890160,Baby Driver,imdbDisplay,US
36515714,tt3863552,Bajrangi Bhaijaan,imdbDisplay,US
36491077,tt3848892,Baby,imdbDisplay,US
36481103,tt3841424,Land of Mine,imdbDisplay,US
36460153,tt3829920,Only the Brave,imdbDisplay,US
36410746,tt3799694,The Nice Guys,imdbDisplay,US
28506326,tt2582846,The Fault in Our Stars,imdbDisplay,US
35798566,tt3417422,Drishyam,imdbDisplay,US
35767663,tt3397884,Sicario,imdbDisplay,US
32154636,tt28814949,Taylor Swift: The Eras Tour,imdbDisplay,US
32015341,tt2872718,Nightcrawler,imdbDisplay,US
31992992,tt2870648,Amy,imdbDisplay,US
31458635,tt28362963,Checkmate,imdbDisplay,US
31150856,tt28145495,Uruttu Tech,imdbDisplay,US
30976032,tt2802154,Leviathan,imdbDisplay,US
30975547,tt2802144,Kingsman: The Secret Service,imdbDisplay,US
30295285,tt2758880,Winter Sleep,imdbDisplay,US
30140503,tt27503384,Perfect Days,imdbDisplay,US
29685013,tt2713180,Fury,imdbDisplay,US
29201243,tt26745657,Madgaon Express,imdbDisplay,US
29197576,tt2674426,Me Before You,imdbDisplay,US
28970725,tt2659414,Miracle in Cell No. 7,imdbDisplay,US
28704993,tt2631186,Baahubali: The Beginning,imdbDisplay,US
28532790,tt2592910,CM101MMXI Fundamentals,imdbDisplay,US
32168267,tt2882328,Ugly,imdbDisplay,US
32373849,tt2911666,John Wick,imdbDisplay,US
32805611,tt2948356,Zootopia,imdbDisplay,US
32805840,tt2948372,Soul,imdbDisplay,US
35757295,tt3390572,Haider,imdbDisplay,US
35650177,tt3322420,Queen,imdbDisplay,US
35640827,tt3316960,Still Alice,imdbDisplay,US
35638270,tt3315342,Logan,imdbDisplay,US
35614132,tt3302820,Cowspiracy: The Sustainability Secret,imdbDisplay,US
35578603,tt3281548,Little Women,imdbDisplay,US
35546377,tt3263904,Sully,imdbDisplay,US
35797695,tt3416742,What We Do in the Shadows,imdbDisplay,US
35544473,tt3262342,Loving Vincent,imdbDisplay,US
34889603,tt3169706,Pride,imdbDisplay,US
34124494,tt30783769,Kaam Chalu Hai,imdbDisplay,US
34105751,tt3076658,Creed,imdbDisplay,US
33772879,tt3040964,The Jungle Book,imdbDisplay,US
33384893,tt3011894,Wild Tales,imdbDisplay,US
33202428,tt2991224,Tangerines,imdbDisplay,US
33138158,tt2980516,The Theory of Everything,imdbDisplay,US
34900696,tt3170832,Room,imdbDisplay,US
2003325,tt0398286,Tangled,imdbDisplay,US
3321467,tt0816442,The Book Thief,imdbDisplay,US
1993426,tt0395169,Hotel Rwanda,imdbDisplay,US
1147993,tt0137523,Fight Club,imdbDisplay,US
1156049,tt0139654,Training Day,imdbDisplay,US
1158611,tt0140352,The Insider,imdbDisplay,US
1161081,tt0140888,Central Station,imdbDisplay,US
1173397,tt0144084,American Psycho,imdbDisplay,US
1173583,tt0144117,The Boondock Saints,imdbDisplay,US
1178618,tt0145487,Spider-Man,imdbDisplay,US
1185660,tt0147612,Happiness,imdbDisplay,US
1198933,tt0151804,Office Space,imdbDisplay,US
1206872,tt0154420,The Celebration,imdbDisplay,US
1216107,tt0156887,Perfect Blue,imdbDisplay,US
1223907,tt0158983,"South Park: Bigger, Longer & Uncut",imdbDisplay,US
1236109,tt0162222,Cast Away,imdbDisplay,US
1131467,tt0133093,The Matrix,imdbDisplay,US
1250409,tt0165798,Ghost Dog: The Way of the Samurai,imdbDisplay,US
1255513,tt0166924,Mulholland Drive,imdbDisplay,US
1257145,tt0167260,The Lord of the Rings: The Return of the King,imdbDisplay,US
1257215,tt0167261,The Lord of the Rings: The Two Towers,imdbDisplay,US
1257877,tt0167404,The Sixth Sense,imdbDisplay,US
1263109,tt0168629,Dancer in the Dark,imdbDisplay,US
1996587,tt0396171,Perfume: The Story of a Murderer,imdbDisplay,US
1264683,tt0169102,Lagaan: Once Upon a Time in India,imdbDisplay,US
1266305,tt0169547,American Beauty,imdbDisplay,US
1274831,tt0171804,Boys Don't Cry,imdbDisplay,US
1277308,tt0172495,Gladiator,imdbDisplay,US
1286028,tt0174856,The Hurricane,imdbDisplay,US
1289908,tt0175880,Magnolia,imdbDisplay,US
1304615,tt0180093,Requiem for a Dream,imdbDisplay,US
1255331,tt0166896,The Straight Story,imdbDisplay,US
1310134,tt0181689,Minority Report,imdbDisplay,US
1129180,tt0132477,October Sky,imdbDisplay,US
1116811,tt0129167,The Iron Giant,imdbDisplay,US
1061182,tt0119217,Good Will Hunting,imdbDisplay,US
1063452,tt0119396,Jackie Brown,imdbDisplay,US
1064062,tt0119472,Knockin' on Heaven's Door,imdbDisplay,US
1064208,tt0119488,L.A. Confidential,imdbDisplay,US
1066656,tt0119698,Princess Mononoke,imdbDisplay,US
1067906,tt0119822,As Good as It Gets,imdbDisplay,US
1072863,tt0120265,Taste of Cherry,imdbDisplay,US
1073419,tt0120338,Titanic,imdbDisplay,US
1073702,tt0120363,Toy Story 2,imdbDisplay,US
1073933,tt0120382,The Truman Show,imdbDisplay,US
1076104,tt0120586,American History X,imdbDisplay,US
1076437,tt0120601,Being John Malkovich,imdbDisplay,US
1077689,tt0120663,Eyes Wide Shut,imdbDisplay,US
1123326,tt0130827,Run Lola Run,imdbDisplay,US
1077823,tt0120669,Fear and Loathing in Las Vegas,imdbDisplay,US
1078968,tt0120731,The Legend of 1900,imdbDisplay,US
1079048,tt0120735,"Lock, Stock and Two Smoking Barrels",imdbDisplay,US
1079100,tt0120737,The Lord of the Rings: The Fellowship of the Ring,imdbDisplay,US
1079766,tt0120762,Mulan,imdbDisplay,US
1080513,tt0120789,Pleasantville,imdbDisplay,US
1081032,tt0120815,Saving Private Ryan,imdbDisplay,US
1081830,tt0120863,The Thin Red Line,imdbDisplay,US
1083855,tt0121164,Corpse Bride,imdbDisplay,US
1086046,tt0121766,Star Wars: Episode III - Revenge of the Sith,imdbDisplay,US
1102953,tt0125659,Open Your Eyes,imdbDisplay,US
1104559,tt0126029,Shrek,imdbDisplay,US
1113647,tt0128332,Innocence,imdbDisplay,US
1114133,tt0128445,Rushmore,imdbDisplay,US
1078243,tt0120689,The Green Mile,imdbDisplay,US
1060765,tt0119177,Gattaca,imdbDisplay,US
1310871,tt0181865,Traffic,imdbDisplay,US
1322640,tt0185125,All About My Mother,imdbDisplay,US
1559359,tt0257044,Road to Perdition,imdbDisplay,US
1564121,tt0258463,The Bourne Identity,imdbDisplay,US
1567773,tt0259534,Ramayana: The Legend of Prince Rama,imdbDisplay,US
1572119,tt0260991,Joint Security Area,imdbDisplay,US
1583068,tt0264464,Catch Me If You Can,imdbDisplay,US
1585203,tt0265086,Black Hawk Down,imdbDisplay,US
1587254,tt0265666,The Royal Tenenbaums,imdbDisplay,US
1589173,tt0266308,Battle Royale,imdbDisplay,US
1589996,tt0266543,Finding Nemo,imdbDisplay,US
1590454,tt0266697,Kill Bill: Vol. 1,imdbDisplay,US
1594789,tt0268126,Adaptation.,imdbDisplay,US
1595570,tt0268380,Ice Age,imdbDisplay,US
1597413,tt0268978,A Beautiful Mind,imdbDisplay,US
1548232,tt0253474,The Pianist,imdbDisplay,US
1604864,tt0271383,A Dog's Will,imdbDisplay,US
1617043,tt0275277,Cowboy Bebop: The Movie,imdbDisplay,US
1622095,tt0276919,Dogville,imdbDisplay,US
1622414,tt0277027,I Am Sam,imdbDisplay,US
1644530,tt0283509,No Man's Land,imdbDisplay,US
1654827,tt0286244,The Triplets of Belleville,imdbDisplay,US
1665053,tt0289043,28 Days Later,imdbDisplay,US
1668000,tt0289879,The Butterfly Effect,imdbDisplay,US
1668360,tt0289992,The Life of David Gale,imdbDisplay,US
1681123,tt0293715,My Sassy Girl,imdbDisplay,US
1686433,tt0295297,Harry Potter and the Chamber of Secrets,imdbDisplay,US
1697918,tt0298845,In America,imdbDisplay,US
1701288,tt0299977,Hero,imdbDisplay,US
1705502,tt0301357,Good Bye Lenin!,imdbDisplay,US
1614615,tt0274558,The Hours,imdbDisplay,US
1310950,tt0181875,Almost Famous,imdbDisplay,US
1537573,tt0250258,The Experiment,imdbDisplay,US
1533090,tt0248845,Hedwig and the Angry Inch,imdbDisplay,US
1341388,tt0190332,"Crouching Tiger, Hidden Dragon",imdbDisplay,US
1342283,tt0190590,"O Brother, Where Art Thou?",imdbDisplay,US
1358296,tt0195231,Satya,imdbDisplay,US
1370434,tt0198781,"Monsters, Inc.",imdbDisplay,US
1375484,tt0200087,Sarfarosh,imdbDisplay,US
1386045,tt0203009,Moulin Rouge!,imdbDisplay,US
1398921,tt0206634,Children of Men,imdbDisplay,US
1403887,tt0208092,Snatch,imdbDisplay,US
1407472,tt0209144,Memento,imdbDisplay,US
1413669,tt0210945,Remember the Titans,imdbDisplay,US
1417331,tt0211915,Amélie,imdbDisplay,US
1427168,tt0214915,Manichithrathazhu,imdbDisplay,US
1429546,tt0215750,Enemy at the Gates,imdbDisplay,US
1535066,tt0249462,Billy Elliot,imdbDisplay,US
1435021,tt0217505,Gangs of New York,imdbDisplay,US
1475249,tt0230600,The Others,imdbDisplay,US
1506764,tt0240772,Ocean's Eleven,imdbDisplay,US
1509138,tt0241527,Harry Potter and the Sorcerer's Stone,imdbDisplay,US
1512136,tt0242519,Hera Pheri,imdbDisplay,US
1513749,tt0243017,Waking Life,imdbDisplay,US
1514142,tt0243133,The Man Who Wasn't There,imdbDisplay,US
1518204,tt0244316,Yi Yi,imdbDisplay,US
1521812,tt0245429,Spirited Away,imdbDisplay,US
1522348,tt0245574,And Your Mother Too,imdbDisplay,US
1522885,tt0245712,Amores Perros,imdbDisplay,US
1523310,tt0245844,The Count of Monte Cristo,imdbDisplay,US
1525635,tt0246578,Donnie Darko,imdbDisplay,US
1447164,tt0221027,Blow,imdbDisplay,US
1714058,tt0304141,Harry Potter and the Prisoner of Azkaban,imdbDisplay,US
1060685,tt0119174,The Game,imdbDisplay,US
1060002,tt0119116,The Fifth Element,imdbDisplay,US
928323,tt0104561,Jo Jeeta Wohi Sikandar,imdbDisplay,US
929316,tt0104684,Hard Boiled,imdbDisplay,US
929411,tt0104691,The Last of the Mohicans,imdbDisplay,US
930534,tt0104797,Malcolm X,imdbDisplay,US
931790,tt0104940,The Muppet Christmas Carol,imdbDisplay,US
931888,tt0104952,My Cousin Vinny,imdbDisplay,US
934444,tt0105236,Reservoir Dogs,imdbDisplay,US
935163,tt0105323,Scent of a Woman,imdbDisplay,US
938775,tt0105695,Unforgiven,imdbDisplay,US
944751,tt0106364,Batman: Mask of the Phantasm,imdbDisplay,US
946081,tt0106489,A Bronx Tale,imdbDisplay,US
946305,tt0106519,Carlito's Way,imdbDisplay,US
947813,tt0106677,Dazed and Confused,imdbDisplay,US
926037,tt0104348,Glengarry Glen Ross,imdbDisplay,US
949323,tt0106856,Falling Down,imdbDisplay,US
951246,tt0107048,Groundhog Day,imdbDisplay,US
952971,tt0107207,In the Name of the Father,imdbDisplay,US
953875,tt0107290,Jurassic Park,imdbDisplay,US
957095,tt0107653,Naked,imdbDisplay,US
957508,tt0107688,The Nightmare Before Christmas,imdbDisplay,US
958424,tt0107808,A Perfect World,imdbDisplay,US
958567,tt0107818,Philadelphia,imdbDisplay,US
958643,tt0107822,The Piano,imdbDisplay,US
959600,tt0107943,The Remains of the Day,imdbDisplay,US
960502,tt0108037,The Sandlot,imdbDisplay,US
960622,tt0108052,Schindler's List,imdbDisplay,US
963657,tt0108358,Tombstone,imdbDisplay,US
963909,tt0108394,Three Colors: Blue,imdbDisplay,US
950612,tt0106977,The Fugitive,imdbDisplay,US
964046,tt0108399,True Romance,imdbDisplay,US
925230,tt0104257,A Few Good Men,imdbDisplay,US
920276,tt0103767,Baraka,imdbDisplay,US
875004,tt0099088,Back to the Future Part III,imdbDisplay,US
877499,tt0099348,Dances with Wolves,imdbDisplay,US
879155,tt0099487,Edward Scissorhands,imdbDisplay,US
880999,tt0099674,The Godfather Part III,imdbDisplay,US
881182,tt0099685,Goodfellas,imdbDisplay,US
882422,tt0099785,Home Alone,imdbDisplay,US
882714,tt0099810,The Hunt for Red October,imdbDisplay,US
886075,tt0100150,Miller's Crossing,imdbDisplay,US
886199,tt0100157,Misery,imdbDisplay,US
886996,tt0100234,Close-Up,imdbDisplay,US
887931,tt0100332,Paris Is Burning,imdbDisplay,US
892547,tt0100802,Total Recall,imdbDisplay,US
921475,tt0103873,Dead Alive,imdbDisplay,US
897931,tt0101410,Barton Fink,imdbDisplay,US
898976,tt0101507,Boyz n the Hood,imdbDisplay,US
900648,tt0101649,Thalapathi,imdbDisplay,US
901207,tt0101700,Delicatessen,imdbDisplay,US
901967,tt0101765,The Double Life of Véronique,imdbDisplay,US
903151,tt0101889,The Fisher King,imdbDisplay,US
903552,tt0101921,Fried Green Tomatoes,imdbDisplay,US
904425,tt0102015,Hearts of Darkness: A Filmmaker's Apocalypse,imdbDisplay,US
905595,tt0102138,JFK,imdbDisplay,US
909229,tt0102536,Night on Earth,imdbDisplay,US
913101,tt0102926,The Silence of the Lambs,imdbDisplay,US
914452,tt0103064,Terminator 2: Judgment Day,imdbDisplay,US
914607,tt0103074,Thelma & Louise,imdbDisplay,US
919331,tt0103639,Aladdin,imdbDisplay,US
897996,tt0101414,Beauty and the Beast,imdbDisplay,US
1060552,tt0119167,Funny Games,imdbDisplay,US
965158,tt0108550,What's Eating Gilbert Grape,imdbDisplay,US
972750,tt0109424,Chungking Express,imdbDisplay,US
1017338,tt0114388,Sense and Sensibility,imdbDisplay,US
1020108,tt0114709,Toy Story,imdbDisplay,US
1020464,tt0114746,12 Monkeys,imdbDisplay,US
1020846,tt0114787,Underground,imdbDisplay,US
1021085,tt0114814,The Usual Suspects,imdbDisplay,US
1028708,tt0115751,Breaking the Waves,imdbDisplay,US
1032851,tt0116231,The Bandit,imdbDisplay,US
1033452,tt0116282,Fargo,imdbDisplay,US
1038951,tt0116860,"Pretty Village, Pretty Flame",imdbDisplay,US
1039425,tt0116922,Lost Highway,imdbDisplay,US
1043342,tt0117381,Primal Fear,imdbDisplay,US
1044381,tt0117500,The Rock,imdbDisplay,US
1044923,tt0117571,Scream,imdbDisplay,US
1012491,tt0113824,Whisper of the Heart,imdbDisplay,US
1045173,tt0117589,Secrets & Lies,imdbDisplay,US
1045828,tt0117665,Sleepers,imdbDisplay,US
1045879,tt0117666,Sling Blade,imdbDisplay,US
1047953,tt0117913,A Time to Kill,imdbDisplay,US
1048302,tt0117951,Trainspotting,imdbDisplay,US
1054791,tt0118694,In the Mood for Love,imdbDisplay,US
1055046,tt0118715,The Big Lebowski,imdbDisplay,US
1055439,tt0118749,Boogie Nights,imdbDisplay,US
1056123,tt0118799,Life Is Beautiful,imdbDisplay,US
1056698,tt0118843,"Black Cat, White Cat",imdbDisplay,US
1057231,tt0118884,Contact,imdbDisplay,US
1057862,tt0118929,Dark City,imdbDisplay,US
1058307,tt0118971,The Devil's Advocate,imdbDisplay,US
1058773,tt0119008,Donnie Brasco,imdbDisplay,US
1045574,tt0117631,Shine,imdbDisplay,US
969947,tt0109117,Andaz Apna Apna,imdbDisplay,US
1010790,tt0113627,Leaving Las Vegas,imdbDisplay,US
1007814,tt0113277,Heat,imdbDisplay,US
973031,tt0109445,Clerks,imdbDisplay,US
973734,tt0109506,The Crow,imdbDisplay,US
973781,tt0109508,Crumb,imdbDisplay,US
975661,tt0109707,Ed Wood,imdbDisplay,US
976803,tt0109830,Forrest Gump,imdbDisplay,US
978803,tt0110057,Hoop Dreams,imdbDisplay,US
979078,tt0110081,To Live,imdbDisplay,US
981231,tt0110322,Legends of the Fall,imdbDisplay,US
981527,tt0110357,The Lion King,imdbDisplay,US
982204,tt0110413,Léon: The Professional,imdbDisplay,US
985016,tt0110729,Once Were Warriors,imdbDisplay,US
986297,tt0110877,The Postman,imdbDisplay,US
1010365,tt0113568,Ghost in the Shell,imdbDisplay,US
986679,tt0110912,Pulp Fiction,imdbDisplay,US
992168,tt0111495,Three Colors: Red,imdbDisplay,US
992275,tt0111507,Three Colors: White,imdbDisplay,US
998724,tt0112384,Apollo 13,imdbDisplay,US
999767,tt0112471,Before Sunrise,imdbDisplay,US
1000679,tt0112573,Braveheart,imdbDisplay,US
1000773,tt0112579,The Bridges of Madison County,imdbDisplay,US
1001359,tt0112641,Casino,imdbDisplay,US
1003310,tt0112817,Dead Man,imdbDisplay,US
1003345,tt0112818,Dead Man Walking,imdbDisplay,US
1003849,tt0112864,Die Hard with a Vengeance,imdbDisplay,US
1003962,tt0112870,Dilwale Dulhania Le Jayenge,imdbDisplay,US
1004392,tt0112913,Fallen Angels,imdbDisplay,US
1007450,tt0113247,La haine,imdbDisplay,US
989156,tt0111161,The Shawshank Redemption,imdbDisplay,US
1725590,tt0307901,25th Hour,imdbDisplay,US
48124912,tt9900782,Kaithi,imdbDisplay,US
1909437,tt0367495,Anbe Sivam,imdbDisplay,US
1844525,tt0346336,The Best of Youth,imdbDisplay,US
1839073,tt0344510,A Very Long Engagement,imdbDisplay,US
1828042,tt0340377,The Station Agent,imdbDisplay,US
1822689,tt0338751,The Aviator,imdbDisplay,US
1943578,tt0378194,Kill Bill: Vol. 2,imdbDisplay,US
1819655,tt0338013,Eternal Sunshine of the Spotless Mind,imdbDisplay,US
1811642,tt0335266,Lost in Translation,imdbDisplay,US
1946720,tt0379225,The Corporation,imdbDisplay,US
1803482,tt0332280,The Notebook,imdbDisplay,US
1947733,tt0379557,Touching the Void,imdbDisplay,US
1797656,tt0330373,Harry Potter and the Goblet of Fire,imdbDisplay,US
1948553,tt0379786,Serenity,imdbDisplay,US
1846676,tt0347048,Head-On,imdbDisplay,US
1790180,tt0328107,Man on Fire,imdbDisplay,US
1786693,tt0327056,Mystic River,imdbDisplay,US
1952572,tt0381061,Casino Royale,imdbDisplay,US
1782619,tt0325710,The Last Samurai,imdbDisplay,US
1954382,tt0381681,Before Sunset,imdbDisplay,US
1764293,tt0319736,The Legend of Bhagat Singh,imdbDisplay,US
1762274,tt0319061,Big Fish,imdbDisplay,US
1760172,tt0318462,The Motorcycle Diaries,imdbDisplay,US
1758152,tt0317910,The Fog of War,imdbDisplay,US
1955100,tt0381849,3:10 to Yuma,imdbDisplay,US
1958729,tt0382932,Ratatouille,imdbDisplay,US
1959181,tt0383028,"Synecdoche, New York",imdbDisplay,US
1960919,tt0383574,Pirates of the Caribbean: Dead Man's Chest,imdbDisplay,US
1788492,tt0327597,Coraline,imdbDisplay,US
1757444,tt0317705,The Incredibles,imdbDisplay,US
1847537,tt0347304,Kal Ho Naa Ho,imdbDisplay,US
1935436,tt0375679,Crash,imdbDisplay,US
1925914,tt0372784,Batman Begins,imdbDisplay,US
1922733,tt0371746,Iron Man,imdbDisplay,US
1920462,tt0370986,Mysterious Skin,imdbDisplay,US
1916953,tt0369702,The Sea Inside,imdbDisplay,US
1915752,tt0369339,Collateral,imdbDisplay,US
1903184,tt0365748,Shaun of the Dead,imdbDisplay,US
1899098,tt0364569,Oldboy,imdbDisplay,US
1894446,tt0363163,Downfall,imdbDisplay,US
1891531,tt0362227,The Terminal,imdbDisplay,US
1890254,tt0361862,The Machinist,imdbDisplay,US
1889857,tt0361748,Inglourious Basterds,imdbDisplay,US
1926130,tt0372824,The Chorus,imdbDisplay,US
1936860,tt0376127,Anniyan,imdbDisplay,US
1926943,tt0373074,Kung Fu Hustle,imdbDisplay,US
1889307,tt0361596,Fahrenheit 9/11,imdbDisplay,US
1880193,tt0358456,Earthlings,imdbDisplay,US
1929491,tt0373889,Harry Potter and the Order of the Phoenix,imdbDisplay,US
1879587,tt0358273,Walk the Line,imdbDisplay,US
1866860,tt0353969,Memories of Murder,imdbDisplay,US
1862047,tt0352248,Cinderella Man,imdbDisplay,US
1860804,tt0351817,The Twilight Samurai,imdbDisplay,US
1856547,tt0350258,Ray,imdbDisplay,US
1931983,tt0374546,"Spring, Summer, Fall, Winter... and Spring",imdbDisplay,US
1933098,tt0374887,Munna Bhai M.B.B.S.,imdbDisplay,US
1933574,tt0375063,Sideways,imdbDisplay,US
1935240,tt0375611,Black,imdbDisplay,US
1928087,tt0373469,Kiss Kiss Bang Bang,imdbDisplay,US
1756015,tt0317248,City of God,imdbDisplay,US
1924080,tt0372183,The Bourne Supremacy,imdbDisplay,US
1734665,tt0310793,Bowling for Columbine,imdbDisplay,US
1977197,tt0388795,Brokeback Mountain,imdbDisplay,US
1968116,tt0386064,Tae Guk Gi: The Brotherhood of War,imdbDisplay,US
1967975,tt0386032,Sicko,imdbDisplay,US
1962221,tt0384116,G.O.R.A.,imdbDisplay,US
1976041,tt0388473,Tokyo Godfathers,imdbDisplay,US
1753939,tt0316654,Spider-Man 2,imdbDisplay,US
1979325,tt0389557,Black Book,imdbDisplay,US
1751114,tt0315733,21 Grams,imdbDisplay,US
1964645,tt0385004,House of Flying Daggers,imdbDisplay,US
1972790,tt0387564,Saw,imdbDisplay,US
1961688,tt0383846,"When I Grow Up, I'll Be a Kangaroo",imdbDisplay,US
1738551,tt0312004,Wallace & Gromit: The Curse of the Were-Rabbit,imdbDisplay,US
1746490,tt0314331,Love Actually,imdbDisplay,US
1728020,tt0308644,Finding Neverland,imdbDisplay,US
2011461,tt0401085,C.R.A.Z.Y.,\N,US
36413181,tt3801314,The Knife,\N,US
37928865,tt4635372,Fly Away Solo,\N,US
2012264,tt0401383,The Diving Bell and the Butterfly,\N,US
1046412,tt0117731,Star Trek 8,\N,US
1042618,tt0117293,America Undercover: Paradise Lost - The Child Murders at Robin Hood Woods,\N,US
1017191,tt0114369,Se7en,\N,US
1035352,tt0116477,William Shakespeare's Hamlet,\N,US
2210868,tt0466460,Khosla's Nest,\N,US
1939449,tt0376968,The Return,\N,US
944415,tt0106332,Farewell My Concubine,\N,US
40927459,tt6380520,16 Every Detail Counts,\N,US
945891,tt0106469,Bound by Honor,\N,US
2097544,tt0428870,A Moment to Remember,\N,US
900572,tt0101640,Raise the Red Lantern,\N,US
2070831,tt0420332,Veer & Zaara,\N,US
929025,tt0104652,Porco Rosso,\N,US
2064304,tt0418455,Adam's Apples,\N,US
2059402,tt0416960,The Lizard,\N,US
2148440,tt0446029,Scott Pilgrim's Precious Little Life,working,US
979719,tt0110148,Interview with the Vampire: The Vampire Chronicles,\N,US
2141626,tt0443680,The Assassination of Jesse James,\N,US
2024734,tt0405508,Paint it Saffron,\N,US
957611,tt0107692,Ninja Scroll: The Motion Picture,\N,US
2136125,tt0441909,To Return,\N,US
39113756,tt5312232,Wild,\N,US
39135390,tt5323662,A Silent Voice,\N,US
1529215,tt0247586,Nine Queens,\N,US
1343867,tt0191043,The Color of Paradise,\N,US
1783467,tt0325980,Pirates of the Caribbean,working,US
1669682,tt0290334,X2: X-Men United,\N,US
1735753,tt0311113,The Far Side of the World,working,US
1659340,tt0287467,Talk to Her,\N,US
1701875,tt0300140,Lilya 4-Ever,\N,US
1676844,tt0292490,What the Heart Wants,\N,US
1673207,tt0291350,Millennium Actress,\N,US
10280857,tt1235166,A Prophet,\N,US
3695244,tt0923752,The King of Kong: A Fistful of Quarters,\N,US
26745757,tt2283748,OMG,\N,US
25946674,tt2199711,The Jihadi Warrior,working,US
6493231,tt1093370,When We Met,\N,US
1056829,tt0118849,The Children of Heaven,\N,US
1908036,tt0367110,Swades,\N,US
1822033,tt0338564,Infernal Affairs,\N,US
1820890,tt0338309,Evil,\N,US
1267388,tt0169858,Neon Genesis Evangelion: The End of Evangelion,\N,US
3497695,tt0871510,Let's Go! India,alternative,US
3464155,tt0861739,Elite Squad,\N,US
3662444,tt0914798,The Boy in the Striped Pajamas,\N,US
1847046,tt0347149,Howl's Moving Castle,\N,US
